f0,f1,f2,f3,f4,f5,f6,f7,f8,f9,f10,f11,f12,f13,f14,f15,f16,f17,f18,f19,f20,f21,f22,f23,f24,f25,f26,f27,f28,f29,f30,f31,f32,f33,f34,f35,f36,err,index
1.2831e-06,8.2763e-16,347260.0,0.00033816,0.010884,0.00095419,0.0012876,0.23694,1.1364,7.7563,0.0047243,0.0015127,0.014495,3.9006e-07,0.047468,0.0045913,2004600000.0,0.013331,111160000000000.0,1.2684e-05,0.089338,0.086881,0.0043682,0.010932,0.0023372,0.020721,0.0051973,0.010478,0.013146,0.0083709,0.0045424,10.82,0.0090788,3.7681e-14,5.0673,1172700000.0,2.5966,19.813204237440107,initialization
2.7335e-06,7.1881e-16,318600.0,0.00066414,0.029521,0.00074424,0.0010782,0.37233,0.86675,3.6053,0.0043623,0.0011738,0.0080533,2.4026e-07,0.036261,0.006438,2478500000.0,0.014889,59055000000000.0,5.6867e-06,0.037284,0.032662,0.0095794,0.009745,0.0066945,0.018215,0.010309,0.028552,0.0043648,0.012187,0.0021349,11.583,0.023483,4.5728e-14,2.5134,3226800000.0,2.4565,42.772607333990535,LH pre-train 0
2.8111e-06,1.2197e-15,799590.0,0.00031042,0.0047073,0.0016298,0.0010393,0.12038,3.4424,6.7286,0.0017334,0.00056385,0.018539,2.2111e-07,0.031816,0.0025038,2359700000.0,0.014284,80684000000000.0,1.0097e-05,0.053835,0.062516,0.0062005,0.010049,0.0030582,0.026846,0.0022963,0.0038929,0.021055,0.020093,0.0032778,5.3425,0.011686,2.4332e-14,5.3492,2669300000.0,6.8515,31.114421738741665,LH pre-train 1
1.1273e-06,1.6131e-15,176860.0,0.00062779,0.0088988,0.00085419,0.0010517,0.47189,0.43561,5.3279,0.011302,0.0007543,0.028635,1.8327e-07,0.032557,0.004694,1454900000.0,0.020002,319770000000000.0,1.6102e-05,0.045415,0.034491,0.0096797,0.0040314,0.007214,0.01303,0.0064095,0.010241,0.009549,0.011244,0.010844,12.927,0.0034325,8.2263e-14,3.4836,1138500000.0,1.7857,161.97596404404516,LH pre-train 2
7.4383e-07,6.1507e-16,324800.0,0.00013105,0.03271,0.002866,0.0020123,0.23307,0.67521,7.3733,0.0034009,0.0012207,0.0083742,1.3684e-07,0.016748,0.0025499,1269200000.0,0.014298,42780000000000.0,2.9365e-05,0.074382,0.11817,0.0097969,0.0048317,0.001647,0.017174,0.0096546,0.017805,0.0080476,0.014811,0.0037992,3.9198,0.0054933,9.303e-14,4.733,1097900000.0,2.4866,21.91471335068618,LH pre-train 3
6.947e-07,9.1964e-16,350150.0,0.00031429,0.0063405,0.00032647,0.00078419,0.091187,0.57178,13.905,0.0032663,0.00080947,0.0087602,2.3643e-07,0.12242,0.0024869,2196200000.0,0.016124,170440000000000.0,2.3163e-05,0.20635,0.033626,0.006166,0.026838,0.0066288,0.0084912,0.0042001,0.0076409,0.006185,0.0046205,0.0078991,5.2429,0.022359,1.1845e-13,6.3804,1777700000.0,5.7352,32.21585862547103,LH pre-train 4
3.1187e-06,2.1243e-15,952010.0,0.00014987,0.029967,0.0005396,0.0031325,0.74857,0.57652,10.489,0.0078959,0.00057174,0.022355,1.3156e-07,0.020891,0.0024057,5401200000.0,0.015535,94577000000000.0,2.707e-05,0.18052,0.19916,0.0020278,0.010538,0.0012236,0.013029,0.0034244,0.016307,0.010589,0.025345,0.0068558,7.4487,0.006401,4.561e-14,9.8521,435270000.0,1.1301,87.63455256867266,LH pre-train 5
3.7851e-06,1.8353e-15,436690.0,0.0004585,0.01532,0.00060872,0.001927,0.66354,0.76518,4.4225,0.011527,0.00048909,0.018887,2.5372e-07,0.015034,0.0072629,4918700000.0,0.0055409,97185000000000.0,1.5522e-05,0.10443,0.066447,0.0047478,0.0085935,0.0014236,0.0087122,0.0041617,0.0071837,0.0047128,0.003466,0.0018171,27.816,0.015144,5.2889e-14,11.978,1647800000.0,2.4362,532.1893073585823,LH pre-train 6
1.2377e-06,1.6286e-15,309100.0,0.00026048,0.0082686,0.0010871,0.0021083,0.14822,1.6355,22.756,0.0015537,0.0016613,0.0052289,4.6128e-07,0.05747,0.011381,2324000000.0,0.039839,42759000000000.0,7.6859e-06,0.041884,0.037659,0.0023863,0.0044034,0.00084217,0.043367,0.0043156,0.006378,0.0052623,0.0039093,0.0023649,32.753,0.0036864,2.5653e-14,4.1214,389880000.0,1.2646,25.127583114496343,LH pre-train 7
9.525e-07,1.3645e-15,697840.0,0.00024356,0.012167,0.00049771,0.0006573,0.17768,0.80412,17.517,0.013331,0.0037038,0.017545,4.7776e-07,0.12504,0.010708,5011200000.0,0.016513,98084000000000.0,2.5666e-05,0.28163,0.033678,0.0037986,0.020412,0.0027578,0.014994,0.0024351,0.026815,0.0098906,0.0096247,0.0046472,21.726,0.0038799,1.1449e-13,5.7591,1174800000.0,4.6161,23.442071445246537,LH pre-train 8
2.9068e-06,1.8053e-15,491000.0,0.00036331,0.018239,0.0011428,0.00093169,0.40048,2.6636,6.9585,0.014249,0.0007915,0.029407,4.9021e-07,0.023295,0.0021904,1067800000.0,0.0074944,165420000000000.0,2.2872e-05,0.054119,0.19953,0.0032029,0.0042517,0.002852,0.060303,0.010406,0.030552,0.027266,0.0034854,0.0020012,4.4729,0.012612,5.4201e-14,5.6512,864710000.0,5.4214,657.3173110935786,LH pre-train 9
9.5764e-07,6.5924e-16,137000.0,0.00047949,0.0080398,0.0015615,0.0012393,0.42889,1.0528,5.2484,0.0034741,0.0018761,0.017311,7.9403e-07,0.018647,0.0040619,4694300000.0,0.010055,279590000000000.0,3.2799e-05,0.25711,0.2128,0.0033479,0.0066108,0.0009056,0.031485,0.0088907,0.021711,0.013734,0.0053882,0.0079638,7.9973,0.0043057,1.8307e-14,5.2232,2591200000.0,4.8476,29.440473272301023,LH pre-train 10
1.121e-06,8.0105e-16,166470.0,0.0005207,0.019525,0.00032722,0.00060445,0.085635,0.84162,3.1587,0.0016708,0.00088836,0.017949,5.5944e-07,0.03607,0.0040522,3323700000.0,0.0042346,96648000000000.0,2.7971e-05,0.050157,0.038374,0.006936,0.0073518,0.0024842,0.028497,0.0019566,0.0043808,0.0092904,0.0034489,0.0017572,4.2476,0.0080523,1.3268e-14,4.5267,1094200000.0,6.1544,34.54728218199387,LH pre-train 11
6.4036e-07,7.3102e-16,1048100.0,0.00022871,0.0080657,0.0023866,0.00041706,0.21831,1.7522,5.8799,0.0084748,0.0035431,0.0071081,1.1158e-06,0.040602,0.0024535,2419600000.0,0.012615,42177000000000.0,6.1247e-06,0.15898,0.25894,0.0026029,0.0049258,0.0014813,0.018775,0.0019651,0.0066604,0.023107,0.024493,0.0020946,8.9811,0.011781,3.3628e-14,2.2915,3425500000.0,2.3992,52.3077832853736,LH pre-train 12
4.9583e-07,8.9794e-16,121390.0,0.00010761,0.008062,0.0022431,0.00059313,0.12081,2.9621,4.6451,0.010723,0.00077869,0.014691,3.5338e-07,0.059385,0.0061761,5244800000.0,0.024151,204230000000000.0,1.6414e-05,0.068197,0.13126,0.0021182,0.014974,0.0047765,0.019904,0.0042993,0.0037443,0.03897,0.014009,0.0052055,21.003,0.0034069,9.7874e-14,2.0504,733870000.0,2.5824,36.69220964763031,LH pre-train 13
3.0302e-06,3.7094e-16,138480.0,0.00029478,0.0075187,0.0011043,0.00042177,0.10334,1.2831,3.9796,0.010731,0.0024108,0.010486,6.8183e-07,0.036681,0.0046354,1458000000.0,0.035357,102420000000000.0,6.2314e-06,0.078521,0.10197,0.0014128,0.0039946,0.0012957,0.029651,0.0026912,0.0033227,0.026647,0.0059572,0.012102,22.658,0.026138,5.8546e-14,2.303,503820000.0,4.9288,68.95345161488162,LH pre-train 14
2.6999e-06,2.7874e-16,421310.0,0.00044656,0.0049045,0.00054312,0.00049706,0.28908,1.055,6.0718,0.0081739,0.003824,0.026345,6.916e-07,0.10533,0.0065554,665660000.0,0.022243,100630000000000.0,1.1541e-05,0.18987,0.030802,0.012887,0.0087162,0.0014156,0.010085,0.0074486,0.012809,0.018243,0.0027718,0.002473,7.1146,0.003627,1.0306e-13,11.593,417260000.0,5.7076,50.35746835013246,LH pre-train 15
1.3162e-06,4.1527e-16,843250.0,0.00011903,0.0038966,0.0010119,0.0015665,0.42549,0.59863,3.7926,0.0018609,0.0032492,0.031592,2.2762e-07,0.084283,0.0035823,4322600000.0,0.0077609,38385000000000.0,1.1137e-05,0.12244,0.19312,0.0017585,0.0095496,0.00092939,0.024916,0.0091458,0.014346,0.0082829,0.022908,0.011907,14.421,0.0079251,2.9174e-14,1.8142,749620000.0,3.0602,35.93849240645519,LH pre-train 16
1.173e-06,1.6452e-15,132510.0,0.00013462,0.011654,0.00034827,0.00056523,0.24091,1.6325,3.7596,0.011742,0.0014843,0.033055,3.4491e-07,0.08305,0.0017511,1759200000.0,0.016675,177440000000000.0,2.3442e-05,0.032015,0.075455,0.0025368,0.013416,0.0009416,0.052706,0.012221,0.016485,0.0088173,0.0031822,0.0025151,6.1755,0.0079988,3.6105e-14,10.67,1084700000.0,1.272,53.92150551319192,LH pre-train 17
1.146e-06,1.9477e-15,375950.0,0.00061028,0.017759,0.00033279,0.0015448,0.26644,0.9018,2.9343,0.0036239,0.0012241,0.022733,5.1037e-07,0.029882,0.0055817,1896300000.0,0.019917,191210000000000.0,8.8913e-06,0.14389,0.12489,0.0050534,0.01912,0.00092965,0.0089007,0.01008,0.020531,0.012172,0.0042057,0.0026006,3.905,0.02199,1.3338e-14,8.7719,1555300000.0,1.2235,32.5131609816241,LH pre-train 18
2.9931e-06,3.122e-16,163660.0,0.0002378,0.01315,0.00042893,0.00058462,0.13025,0.39955,4.4484,0.014301,0.0028611,0.020995,1.3262e-07,0.060302,0.0020263,6173900000.0,0.0060495,232100000000000.0,5.8024e-06,0.26193,0.10534,0.0034993,0.0053126,0.0022062,0.0072118,0.0021812,0.016243,0.038581,0.012854,0.0046178,8.1378,0.011781,2.522e-14,1.6124,676770000.0,1.1022,28.095997168802388,LH pre-train 19
6.982387075429838e-07,3.504921668574925e-16,656433.9065754343,0.000121445103694,0.0294589295366065,0.0007903398115485,0.0005389937843389,0.0933278613802727,0.5491397166968838,5.859220709708641,0.0015894648800841,0.0015120671565059,0.0099114779215334,1.0051898044434853e-06,0.1094456039424528,0.0074109665913315,669333443.04735,0.0382256413034808,189283015754516.9,1.2239326929861391e-05,0.0901970925158299,0.0560474881111939,0.0062280676045694,0.0164414368672418,0.0028475372174821,0.0414427381296922,0.0139646517361044,0.0059033428966341,0.0105682605720686,0.0230108313759385,0.00488516306852,8.71679229325149,0.0074502399515937,1.5830428634770224e-14,9.315775637344004,730475891.3672196,3.225699460995246,31.76011393070781,Bayesian_Opt 0
4.089843110077728e-07,4.819105185021035e-16,133213.86548072117,0.0002391586199351,0.0037292623740904,0.0029254802429903,0.0028513206573712,0.2440818980650739,2.1019025003239,6.869203877215781,0.0034786783809053,0.0026923275313787,0.0223324848078067,2.096940504777771e-07,0.059008034202407,0.014116986550147,1581218356.691017,0.0169278289236754,85653283625032.2,8.689264157529768e-06,0.1552161581184223,0.0751478060952274,0.0015868572699108,0.0095605320062112,0.0068336968735448,0.0411782679612085,0.0041860692469773,0.0076798163159535,0.0096081820152272,0.005956379752922,0.0085717015073324,4.347928568386133,0.0036315984790604,1.6809166368900558e-14,1.892680829755508,2100279291.8924007,1.0069066501381418,27.749167445351528,Bayesian_Opt 1
1.8031630279225656e-06,4.4381322030172166e-16,1016076.1757403977,0.0007428014552059,0.0326377511494956,0.0006084643592009,0.0004332858167405,0.1563893623049531,3.5100164393004616,17.986035068527677,0.0019240277830131,0.0045546395148053,0.0141411191090051,5.188791875951222e-07,0.0248406381250072,0.0026127999294435,1892702799.138712,0.0082073850801975,138738181697209.52,5.217658665490254e-06,0.0351174270110854,0.0401343929806797,0.0123797747271136,0.0124405102340695,0.0012987638809564,0.0073978208234931,0.0140885499999619,0.0193444566134076,0.0176637695930765,0.0201515979620259,0.0026084664828541,6.736695858867933,0.0247932634438826,6.892316163682314e-14,1.9795381205130105,405281204.6191938,1.5486355172297008,28.069457546702854,Bayesian_Opt 2
6.797463665873082e-07,1.0013277046881026e-15,147920.13626757704,0.0009793359602328,0.0049763418711728,0.0024524679224481,0.000481786444892,0.4106555169936618,3.5218755403315165,15.877272883982693,0.0124376238387768,0.0006125358764115,0.0060230537972831,2.2643732300463725e-07,0.021873788069247,0.0096502581917712,1325732654.4461875,0.0049569324194491,286148053598846.2,3.238666073372868e-05,0.2430173059394694,0.1323364156236198,0.0051099691758415,0.0037446588184325,0.0058888981212985,0.0191393031714141,0.0021180575456924,0.0033256085694602,0.0150891164423553,0.0119063379522379,0.0033554692893553,4.022937987502333,0.0105823907903115,1.2260447656712048e-14,14.056868131359527,3388250554.1600933,6.89125826510936,1576.332535649255,Bayesian_Opt 3
8.935422672424701e-07,1.5725964960632802e-15,259918.2405654506,0.0001640301523699,0.0128138425296091,0.0006797086030113,0.0015948674678115,0.0919057494720356,0.664329826663674,3.176787808100731,0.0052034265408691,0.0022701222014321,0.0239852352636909,5.299549355657857e-07,0.0690629963770374,0.0056186977563566,5034065440.496174,0.0052005917970182,42637500900384.59,2.0399678582496904e-05,0.2051617230447586,0.2274510853459925,0.0017724032801969,0.0193624959321806,0.0017156755916952,0.0226525163469548,0.0062767540796783,0.0286731759942828,0.0246374285825634,0.0037490936711253,0.0027570149437988,31.25660778999345,0.0147299259959021,8.645635907422956e-14,2.796097063666271,1878498320.151977,0.9192329162664066,32.299932867300136,Bayesian_Opt 4
4.281003563311614e-07,7.17697989366672e-16,153164.05631723843,0.0001180514821113,0.0229617849242809,0.0006059762127217,0.0030294627588383,0.0993394626317788,1.6674154697534838,13.291607669520326,0.013892681238089,0.0006455403396579,0.0223384087590499,8.254590657244265e-07,0.08145946046036,0.0025115762656972,3026863779.6267447,0.0131167477599643,133857143078928.95,4.090736186861697e-06,0.0868849395568127,0.106651612846923,0.0017341564237614,0.0039881527034078,0.0069070641646467,0.0218854121395693,0.0071256243481921,0.0097902857858509,0.0134080733583981,0.0038880877148077,0.0078255706074614,3.864002923858733,0.0191334744832031,7.75022249965376e-14,2.132918136545394,1634903567.610269,6.623143295455487,27.04611024928021,Bayesian_Opt 5
1.4394721175529009e-06,1.671554083928352e-15,785053.1815053755,0.0001583423109264,0.0149124309702582,0.0003855984536958,0.0023709532337857,0.212303536857814,2.055551261640878,5.645294853657164,0.0098450959509577,0.0014750234902966,0.022348697592136,5.075124870689182e-07,0.0338647211924698,0.0051367663540959,2278705578.2752843,0.0308044619491632,155866222216046.78,1.0258435053307076e-05,0.1224998020409339,0.0581842984204103,0.0014279889346271,0.0040091027492303,0.003471047437639,0.0227953013793363,0.0127866855679654,0.006423964800627,0.0057225339690312,0.0103344607904902,0.0038870309973222,12.07759488156386,0.0102162867845947,9.155608279853745e-14,4.708028823103406,2671623894.321557,1.0137170892749814,79.21777382781089,Bayesian_Opt 6
4.957484842877719e-07,2.477704364197688e-15,372445.9265425964,0.0010131636641618,0.0276301374225784,0.0023418179522576,0.0005135681344132,0.13350566196276,0.5306436829321617,2.551118587542661,0.0017055083933989,0.00442493050171,0.0184252023644561,1.3096486853399382e-07,0.0215828703326461,0.0076155351294931,803786039.3830546,0.0079694807739451,35249771515963.03,8.973726068397373e-06,0.0286709117699534,0.0498786056381817,0.005454333589672,0.0264533721543993,0.0015971074687284,0.0261815296761264,0.0125276760165888,0.0195195430345311,0.0054357363266962,0.0033119657214485,0.0028573333699897,25.6894721378595,0.0165481170410526,1.0736611255521889e-13,8.14811026292161,2487048694.0265,8.169379375489763,27.664900171605986,Bayesian_Opt 7
1.0773413040516463e-06,2.081917872180397e-15,576804.7185643459,0.0007704769338921,0.0036199778461677,0.0028872555999689,0.0034656662612073,0.6812295818998257,0.8942268048225421,9.850208812212154,0.0111142960559204,0.0007027022593877,0.0140385737885111,1.5623244095630864e-07,0.024298045751028,0.0015311158793763,5873776811.809554,0.0075129319241168,41969558259377.0,5.126226193197406e-06,0.1806075101793935,0.2475013826757081,0.0020157891800272,0.0043597368302534,0.0009446496393334,0.0643965618445436,0.0021307011264439,0.0061610049951422,0.0043859741706987,0.0046942121310483,0.0016665297660719,6.740384299482917,0.0047878081518664,3.057877131833807e-14,1.7428643507556765,2620613585.4119344,4.639150414290052,209.083764524372,Bayesian_Opt 8
3.844011927488213e-06,4.54153609752436e-16,111593.1227913492,0.0004043062937924,0.01252637142393,0.0014179924763151,0.0039354764869944,0.7158971587072354,0.6091418218163493,6.7152059000181765,0.0093764237665266,0.0018281085731921,0.0109306291319146,1.0852580592907326e-06,0.0590561799916272,0.0027879613999921,1147191821.236118,0.0049782673636074,37470038559467.22,5.213607155842414e-06,0.0939217206708772,0.1163679094062053,0.0059319590169606,0.026577397395825,0.0014772327948529,0.0140359943098059,0.0028577519757555,0.01619861128136,0.0144411082919508,0.0102967346909544,0.0098922082625258,31.962232321816465,0.0281350590522928,3.0112159325816764e-14,15.829236726156356,1528772001.6133535,1.4072277418846122,59.46250940660362,Bayesian_Opt 9
5.290096057352686e-07,2.0355198336243485e-15,799431.882191942,0.0001498252626443,0.0114349635069624,0.0005822424779435,0.0008562498180158,0.5111654901916498,0.7000785783631265,9.807178998655774,0.0022058696631337,0.0041055006739972,0.0312351211122994,7.750497433813574e-07,0.0700366012440969,0.0057667056294226,1040694061.592156,0.0076928307325896,86798252164705.6,2.478661527116255e-05,0.0783752878718485,0.2327555294275121,0.0029423266010514,0.0195211930406597,0.0014151873609173,0.0590680207323062,0.0101290451288044,0.010422698398727,0.0154181023530662,0.0056478747763042,0.0046631269357688,4.007562495479235,0.0178174782321277,2.0493488412955683e-14,4.807855099586507,977984105.4090428,3.4611621505224286,52.84375194703328,Bayesian_Opt 10
8.687090401125133e-07,1.232222215084206e-15,1076103.8271612213,0.0002303366165716,0.0174072527759307,0.0010404195420381,0.0006936559544685,0.1436502269849877,0.3767225914141818,8.756371465223586,0.0016257698745675,0.0008749650296888,0.0216770653206451,2.70674151240624e-07,0.0350318528721932,0.0139290269479099,1111912183.5379946,0.0209718081421088,219576608916078.1,1.3161450730018043e-05,0.2643861397214849,0.1155975718405492,0.0045941647590354,0.0113113931911681,0.00081534447273,0.0159778859536236,0.0031094312782221,0.0231549594789325,0.0186547399695753,0.0131940544587775,0.002160123909403,18.0759185397286,0.0032304689680184,6.564750202507213e-14,11.203412457743864,1221988146.330483,4.431956652994636,26.449679687387523,Bayesian_Opt 11
6.91161914443927e-07,3.266834290647722e-16,177776.53868106453,0.0002475750053478,0.0087248388180879,0.0005555643174924,0.0008150396270387,0.3490776657568867,1.1094010898364015,3.3655687612983405,0.0120651177299812,0.000767181858115,0.0090173839622192,7.833609291000994e-07,0.0225989451399459,0.0029760912012332,853000974.6605762,0.040934990410834,109772345143099.05,2.070859923127326e-05,0.095635548519551,0.0675730987163902,0.0028826137078553,0.0041509963244811,0.0036420439932502,0.0555897489809068,0.004011853240979,0.004132689177216,0.0050161211877452,0.0070987624881666,0.0028887814712444,4.224485121625508,0.0140101803747275,8.374704708421551e-14,3.539643975977487,1055262821.9656012,1.8892740422483765,201.9736928499464,Bayesian_Opt 12
1.2603197961277536e-06,6.58497097206662e-16,495042.639926243,0.000202593106175,0.0312029862929966,0.0007162566958186,0.0016342885903362,0.1791504984430197,0.7512742490347993,13.611674073009931,0.0024922914065356,0.0017326621651132,0.0331139595509841,1.902543546397318e-07,0.0772378746426055,0.0015697039461353,4181063534.826712,0.0350217936560907,65757411333468.64,1.3375383993032965e-05,0.1110980364506518,0.04670854364654,0.0064822307154649,0.021169592372602,0.0012358256538337,0.0632098691025612,0.0033624077895069,0.0084142560060942,0.027466334988455,0.004817538442074,0.0123503518077017,5.574297686933431,0.0037538232337718,1.0869539769453117e-13,8.414999310384484,432527710.9854076,1.9644478237511616,30.00999671003664,Bayesian_Opt 13
1.0725685366163167e-06,1.8962164104588624e-15,118952.96908038911,0.0001455328509792,0.0329835852315288,0.0003334162303091,0.0006624782612378,0.0862760174758234,3.5205569248852635,24.156198464047087,0.002703031415102,0.0010238309874381,0.0214331498644991,1.5187704710917692e-07,0.0234366798025737,0.0036359036999052,1429464077.2711985,0.0044477020129202,79117912682253.58,1.4483331058664864e-05,0.0684341695041877,0.0310364505492508,0.0034535739068048,0.03180008340708,0.004060887032612,0.0362233257904497,0.0123650441377772,0.0084388763115918,0.0291031385599666,0.0046964881409217,0.0021195695925465,13.38806084946706,0.0201304966107265,3.0164539622347626e-14,10.473969235175334,859248752.746725,0.8239327659488436,47.07962172999297,Bayesian_Opt 14
2.1011125555420985e-06,3.5965856468971154e-16,766750.0725969316,0.0002298639333624,0.0082068154159233,0.000305055359135,0.0004801531777561,0.1549308524798769,2.462013070964291,17.953631877626353,0.0019684994555023,0.0034826252332016,0.0136387640883549,1.562706144443987e-07,0.1239171078583348,0.0019914852198043,3902166821.228452,0.009268456954677,205257106201945.38,7.395759883008882e-06,0.1804545893308831,0.1266977429781798,0.0132711032934923,0.0220839951830643,0.0045854700532421,0.0392011753376356,0.0023213011136608,0.0145190813285367,0.015209332544119,0.0030557989888401,0.0080688289320721,7.20156373305177,0.0068986119731531,9.843160802648572e-14,2.4049730109950493,2244233677.971214,2.3222103652046697,28.04290170231194,Bayesian_Opt 15
2.956112094345716e-06,2.2876384184334265e-15,262310.7833613125,0.0001178631190039,0.0042488907515061,0.0023356269844598,0.0009388429448465,0.1389108451482194,0.4551460691884993,5.175608902009956,0.0020636327450583,0.0024449359510839,0.0434410632015972,3.800306611921021e-07,0.1314263714558245,0.0070625302812801,6100559465.363531,0.0049070703166211,43824911935721.65,9.900425030564612e-06,0.0302210890709733,0.0306538381694652,0.0075388475207647,0.0080363495140491,0.0059610200962757,0.0610609914527981,0.0017293292116518,0.028557916447696,0.0048756641099021,0.0217731169614918,0.0137770956435577,10.181895710264854,0.0028931348426642,1.6741713394934712e-14,5.411098979785947,433159845.1662805,3.195931141874888,29.90712192058983,Bayesian_Opt 16
1.4554849160612706e-06,1.5206913414669198e-15,202808.49773885336,0.0004977218496347,0.0039550420317934,0.0008602446973533,0.0029501863142097,0.3083385011614518,0.6483250539639183,4.480929901075095,0.012391245594196,0.000670558886066,0.029805146660573,2.257772698828955e-07,0.0228142910677497,0.0026525494264581,3493862683.28417,0.010826552150911,326979622186060.4,8.179613065180535e-06,0.2011452390803714,0.2495177438254578,0.0021364058436689,0.0086644434234017,0.0029806170200992,0.0241512044900206,0.0032568486766642,0.0237332704990171,0.0188512712995789,0.0178982470391584,0.0111032947533235,27.8219830385492,0.0053320354655026,1.93158789906148e-14,3.796925126733185,3046802254.1447854,0.9042496881223716,67.5724763795091,Bayesian_Opt 17
8.925498958821081e-07,1.0066191395242957e-15,895495.2382796762,0.0001383902788052,0.025041615688076,0.001106473505372,0.0010776537111996,0.4696372660480157,0.9511824393987746,10.28568813318591,0.0130957048577078,0.0009596451148998,0.0171462780841288,3.684627023790663e-07,0.0464310722005303,0.0093742395660937,654551317.6480439,0.0191664536132231,48704334713624.94,7.927590713414634e-06,0.1660467259344341,0.1506057774167608,0.0037546501869262,0.0086684285071331,0.0052775035643986,0.0120317482151391,0.0022746062346038,0.0053165866516736,0.0164472243066905,0.0049483138420922,0.0125962571204457,15.559606933315743,0.0210056773613953,1.4210632510039711e-14,13.113365671512057,1090105325.856444,1.0892792445014514,340.91049986602684,Bayesian_Opt 18
3.876492554810807e-06,4.576020367389165e-16,260306.89749388088,0.0006029233232739,0.0034807946131322,0.0004261427194335,0.0028879992143508,0.2536466695701139,0.8562643517365341,4.403491922542654,0.0018840929079196,0.0035518878109482,0.0353012077053158,8.996748871694723e-07,0.1206098499388146,0.0014764929454148,832790911.7658553,0.0224038102139187,108156998628269.92,6.135487935680059e-06,0.1444109789810269,0.0801453163354756,0.0102233808474283,0.0273694447205184,0.0012392525681076,0.0270202445302466,0.008485628274338,0.0265038753977272,0.0166274978448303,0.0093421844779389,0.0092206635049878,19.18444828194092,0.0039324768605714,1.5619379163974946e-14,2.676034302935133,863587088.2367469,1.7788925324768514,43.77562448617689,Bayesian_Opt 19
4.394177400283889e-07,2.0497533158992853e-15,902598.9219832704,0.0002639445709201,0.0108098109433634,0.0014806741615698,0.0006402573954584,0.2936049871274147,2.86192620559206,2.6817693289656,0.0113795846955938,0.0015215593451703,0.0170660376350217,4.780382263599981e-07,0.0205424743854653,0.0025409178275325,5907912921.419067,0.0189715585252553,42316234251508.07,4.197783933831008e-06,0.1438578547265434,0.2510439520227598,0.0022548578981252,0.0061098687787473,0.0012617050541374,0.0189512790727378,0.0134820562062082,0.0053299088369948,0.0044621484764627,0.007365856815438,0.001862026642799,22.676915291371728,0.0121756116060483,6.437492066865089e-14,7.655282466033065,1865408179.6054263,3.767394673795988,584.5186789632676,Bayesian_Opt 20
8.879613855199317e-07,1.6031566065440529e-15,332987.6427893738,0.0006959456427949,0.016916657343719,0.0008669596118862,0.0007653722353237,0.3966200783122938,1.9490192327771003,2.8772641804952714,0.0117079815901938,0.0014278400947553,0.0070913196410536,4.1701988827777305e-07,0.1426170453056192,0.0032827960657877,3637122685.7205977,0.0349241091429858,91703368772977.95,9.44133389938168e-06,0.0760202602784736,0.0393705495262452,0.007845717334987,0.010370993937303,0.0007592528182428,0.0075246000551131,0.0029721155915123,0.0103681040220784,0.0211315766648994,0.0027622590034546,0.0073242303533152,3.520458992203021,0.0064167882874005,1.5846024346911245e-14,7.595205507151755,3261054027.554761,3.592574289927676,31.96152526288,Bayesian_Opt 21
5.350783379201347e-07,7.059625992312713e-16,281248.8649272092,0.0008930427019371,0.0114949415584679,0.0010838211225807,0.001505277512172,0.4659524600621584,0.874523308926747,10.506527880246573,0.0023627190544022,0.0013581181026582,0.04007021619173,6.550550489304316e-07,0.0695567959409032,0.0061831044374338,5976484018.690623,0.0078229034197474,59821417623623.29,1.1231805309069978e-05,0.0589705908000752,0.1272096097281466,0.0081846907337153,0.0037973537770209,0.0035380820305512,0.0310277700853442,0.0068798774405339,0.0064275142028316,0.0077978556051324,0.0093275410014579,0.0052943935779397,30.834824705947018,0.0085837397497515,2.145652581423581e-14,9.087664991349234,2399910220.508771,5.726428789219021,30.799427393430324,Bayesian_Opt 22
7.492972514277402e-07,2.571537363463448e-15,139328.64766542945,0.000801174690569,0.0037013158021896,0.0021676019389853,0.0004595378940248,0.1330189288882709,0.5485522248852732,21.85009342073236,0.0141804001384463,0.0039425763094537,0.0334641502647648,4.022263086883294e-07,0.044182299998692,0.0136976174568547,638426906.3739213,0.0232858825341751,183220733496374.53,6.420081660836153e-06,0.1618382843096341,0.1763904277577247,0.0019346582576568,0.0035204113694141,0.0007880538757873,0.0108852037530088,0.0030710272403642,0.0036899661583558,0.0042873184707152,0.0185042450893011,0.0054721227372863,24.27176711129242,0.0029411607996374,1.2737574593911296e-14,10.93624968916983,437843188.3331761,5.22970260905278,315.83231292735513,Bayesian_Opt 23
4.881597672589921e-07,5.133893235758816e-16,574521.7693376318,0.0001240121501113,0.0042420980584802,0.0003341725427338,0.0022111458091819,0.3361837311873083,1.9360653471443263,8.47325873449316,0.0055957695431008,0.0004857997734078,0.0432318423671833,3.045444891738112e-07,0.0202517456520593,0.0142598655482329,1981527564.5321555,0.0071385920994685,45694616360482.66,4.950166526119336e-06,0.1253459626074484,0.2232216072966276,0.0016415805237748,0.0052417952208992,0.0056401911290649,0.0101892960154076,0.0023979925686813,0.0201537179135056,0.0062840189968437,0.0047898869657768,0.0069341774569316,11.353954037547249,0.0041572828244449,4.100598809929e-14,7.8376879994451665,3111826667.965196,6.485892445858961,60.84578136449714,Bayesian_Opt 24
6.320383102222504e-07,2.488608458780392e-15,818334.1593483248,0.0008627144895998,0.0035602258646162,0.0013478307314999,0.0035727052101698,0.0886196668048628,0.5988392065392483,4.051139678801667,0.003093306613374,0.0009916764119482,0.0274579013878396,1.229957295756106e-06,0.132894585098917,0.0109062287973086,5660960148.752642,0.0167389625785449,297110877459950.56,2.024336680946853e-05,0.2546979746562219,0.040469514514456,0.001840075222735,0.031204628540572,0.004327206609656,0.0478404247675771,0.0125531403720332,0.007436127655997,0.0052649223907674,0.0118261925973048,0.0137449676169479,20.85882336300256,0.0028931784854541,1.1171889604703285e-13,12.05598592662216,3375222973.626493,4.393745323779674,34.546895487280565,Bayesian_Opt 25
8.469248796548843e-07,2.2469620245253792e-15,586876.5374069781,0.0005212203054206,0.0071450077210456,0.0005870506783756,0.0029324106155657,0.1587146722704517,2.514927052931804,19.05972696106344,0.0023460033827445,0.002631541958373,0.0379049736750011,1.823285658462561e-07,0.0671571368152054,0.0018235095504665,3471350462.783374,0.0205539959816924,105512499453612.12,7.315945099043271e-06,0.1100234322172568,0.0360571927432516,0.0040492129021082,0.0207915652272441,0.0028131018463607,0.009161196896335,0.0092419553731391,0.011424863577677,0.004888825129911,0.0136213671916969,0.0143057798610555,4.033105282799883,0.0212093624122719,1.7364602168321236e-14,9.069444575595824,1246802028.2488868,2.305710779124772,32.6429897384939,Bayesian_Opt 26
1.5735466838727735e-06,4.770047172835387e-16,302905.776019098,0.0005773554044643,0.0132967101596418,0.0026264331943692,0.0008567943797892,0.1609114716629321,2.621573991131814,22.000168406482526,0.0026570233702237,0.0008439764186188,0.0068912437183187,1.746711927008442e-07,0.0311671548700861,0.0015690464358277,1026115454.649312,0.0112279038501253,40889194785084.17,8.303322066697274e-06,0.089676659949349,0.2076916202637139,0.0132284501169,0.011737083570542,0.0034179706896808,0.0068357038085722,0.0030980206350451,0.0094215349981497,0.0049018342723206,0.0193026100886776,0.00238457704534,8.193444874888016,0.0034541868752654,1.0663454449805633e-13,1.612080955751357,1924000571.0229592,2.411750850068175,29.985871817446863,Bayesian_Opt 27
4.283183399260287e-07,5.746019762604997e-16,361196.7205008751,0.0001270377289503,0.005403378858526,0.0004740945065432,0.0016615100789933,0.4041458590159535,0.9912532577636268,5.5186110410013125,0.0033270617135433,0.0004824399990722,0.0152562111496174,7.406825633729462e-07,0.0890025795802181,0.0023491859559923,1127804942.2194076,0.018668990177364,234867749851708.4,1.8855138563894687e-05,0.0777625429651537,0.1603676752684988,0.0070153513623675,0.0102950680740366,0.0011488781396414,0.049490140013497,0.0134363798494332,0.0034914622770072,0.0051487665470904,0.0033519664594547,0.0085367653649545,15.73022048930906,0.0112888811268582,2.6744214760703973e-14,9.56349589552605,401186798.46360207,0.9935655528029674,47.34005369861781,Bayesian_Opt 28
6.694196552570599e-07,1.3239485870704942e-15,535928.1368479503,0.0005205046159256,0.0083761268930549,0.0014756010752232,0.0013400508550508,0.1853677007908217,1.8278480432234607,24.14126373069836,0.0022945364370849,0.0042235017366011,0.0122761585600052,5.189683438655915e-07,0.0162452659851512,0.0050280197999338,1694747059.734133,0.0355118579785676,102732197445376.84,9.684754658699786e-06,0.1845859521882606,0.0708659812041485,0.0035880668145645,0.0122200925479944,0.0029395334672624,0.0576002196272533,0.0152948541837692,0.0132218040692948,0.0049524963559348,0.0110311640166112,0.00193789690329,3.502006298781444,0.0078288111992009,5.6712241225114295e-14,7.209673459940441,1471213137.6781175,1.9453286759013184,36.795726937389176,Bayesian_Opt 29
4.125571785749759e-07,7.161622032836957e-16,811296.5182133535,0.0001401290856697,0.0090854390604393,0.0009493677055056,0.0014103118771786,0.3790197936849526,1.1839823308034678,7.900608008924782,0.0055268495276665,0.0040170297721553,0.0113361653379986,3.354221082387696e-07,0.0421576147602682,0.0132101233407185,1557135003.5409434,0.0415265605242411,53731611335017.16,8.413418229454265e-06,0.0740511609076914,0.0569249168496683,0.0112409644273087,0.0297863708603127,0.0023976355748167,0.0324449802926837,0.0124200758277526,0.0090885523307515,0.012384615521632,0.0117619493602773,0.0039267848513276,24.55754839422673,0.0092479933950876,2.0011584018222425e-14,4.1417045878678085,818424333.782916,2.2500606314248293,44.25185103439903,Bayesian_Opt 30
4.688532906300973e-07,8.564070452788137e-16,124065.4279238864,0.000802909233166,0.0066809688766064,0.0007557725580675,0.0028274340153689,0.1090586983500999,0.3645703118037486,13.732429945681034,0.0018185315227331,0.0035835305689559,0.0131099730352129,5.334477196503458e-07,0.1436564328906809,0.0034212132267363,1790118966.050591,0.0246692311648303,173221364431511.9,5.662845387741061e-06,0.0438422295318812,0.0487583355323405,0.0061288422932698,0.0213776513265503,0.0032834852383486,0.0302688318083561,0.0046118670260069,0.0316994233044162,0.0136303262080634,0.0041500215035293,0.0019757618696678,12.595479627286595,0.0058487935016429,5.0638220562948186e-14,1.727957056303523,1939269420.594124,6.263189126551141,31.00166793712372,Bayesian_Opt 31
3.871373427689807e-06,9.747929143012985e-16,924835.13681808,0.0004965123745977,0.0037036263238268,0.0004727937997485,0.0021302316925983,0.4680114197292654,0.8870790268515025,13.208947045082535,0.002565511298832,0.0007585908173627,0.017139874789404,1.932245935474774e-07,0.0215307088034358,0.0031611151503729,812493734.5603735,0.0367059931078392,66197075056874.08,2.511345675544868e-05,0.1626638862157205,0.0309498308995249,0.0046812767354522,0.0062471398798841,0.0033936903245789,0.0076903606310656,0.0041582035278436,0.0078478157608186,0.0141451680067506,0.004437982384656,0.0043667856647249,16.290370469991096,0.0271612428018545,1.6000485287375104e-14,2.697945897215619,496258241.0170754,2.6904668610620552,55.72801963144115,Bayesian_Opt 32
7.313889258697635e-07,2.6248883810033603e-16,644543.8394573468,0.0001078314331707,0.0263612067846912,0.0007190821806806,0.0016095052981621,0.0793288508890116,1.3712301535865372,7.693267015375387,0.0086478073151013,0.0026556434755747,0.0063700479927124,1.4856089541024814e-07,0.0211288590264627,0.013830709216036,805896766.5713516,0.0064550846895803,76023618424131.61,1.321475908256165e-05,0.2041763793633862,0.0291904004508415,0.0038256427760358,0.0124565400831667,0.0071675627038003,0.0131548831609707,0.012399860728095,0.0040789819173612,0.0265869668871194,0.0105237132670636,0.0040028003078289,4.625313542509504,0.0287018212726009,3.503321189185125e-14,7.663259295634679,3082826814.71458,2.4866810618223614,84.05271859540755,Bayesian_Opt 33
5.104128667241977e-07,5.599382179719777e-16,752476.0421309819,0.000836198351779,0.0204110538780664,0.0020058117543315,0.0007727324272991,0.2517572162180341,1.7666935008924731,16.445929438680654,0.0118157112713312,0.0014574266318891,0.0086648653809962,7.672195231409226e-07,0.0227952036329159,0.0023627940294446,714780966.2862248,0.0235676110938063,63013493811622.586,6.171208500020673e-06,0.0818035350540188,0.063416386657668,0.001513933953785,0.0069125105052384,0.0037113540959826,0.0225829953943649,0.0022610347614573,0.0106815110543741,0.0169520551534219,0.0102765794823214,0.0027588207785644,3.947179844440199,0.026644507304863,3.650771528172912e-14,3.3546143812604434,440904683.9721434,1.0318403733126096,189.7757095682332,Bayesian_Opt 34
2.9045371497582138e-06,4.2061768385528014e-16,1036586.450974009,0.000490741371411,0.0045183675326767,0.0005836822006395,0.0019056806508671,0.2706848032683299,0.4110613716861536,8.860090740454908,0.0061797842730218,0.0039719375574502,0.0117123597414176,3.009083972815449e-07,0.0420912939371533,0.0110495395500853,4381467420.146029,0.0272440526624876,67186925638299.84,2.587802610192108e-05,0.1700227737229803,0.0379393584175806,0.0034421692799836,0.0109928245860609,0.005326425297663,0.0097405568736764,0.0022125001169317,0.0294224191026929,0.0112430014844077,0.0119553521257622,0.0018460097599549,24.331547134502884,0.0196729782811166,6.279404065348183e-14,11.387007247841378,1909255473.5828865,1.1071959097693578,30.44889270056991,Bayesian_Opt 35
3.907057011631818e-06,1.059507685300112e-15,137752.1176274912,0.0002578592061972,0.0257883411590752,0.0016892540657679,0.0015171682456098,0.1252255667624033,2.4251157291917123,12.267589265387,0.0138049765349292,0.0026394847244378,0.0152283657214318,7.730203743240567e-07,0.0428013137479404,0.0106150828865211,4086527668.733222,0.0111317562195944,315026430696206.0,1.2680992372174375e-05,0.0449481296384542,0.2685334327975227,0.011839509172729,0.003606073236741,0.0020962262078265,0.0102717629663803,0.0094258273995198,0.0064379310860035,0.0052204201675952,0.0071085580814013,0.0103088245599347,3.761916647735057,0.0140238113407745,3.3620260823614043e-14,7.843444373150838,646027108.0979217,4.183369121139889,71.81110697128454,Bayesian_Opt 36
6.053538930803689e-07,3.538375871469443e-16,473501.11436036805,0.0004373926481017434,0.009490981368750222,0.0012267187533385095,0.0008160649609892379,0.47473125846099523,3.1843967223768153,22.18616144033223,0.012024064610050797,0.0023543773514707296,0.005047670834202838,1.209936186537386e-06,0.03351466732242604,0.008624686496751263,2360197309.586542,0.004442136370332163,282263687890006.2,2.9382396533113248e-05,0.03919618748638798,0.1510056644030292,0.003416331740581671,0.015671812570083564,0.003725327165769385,0.00875037485739016,0.008002889609186565,0.029147178798199808,0.007114793706898187,0.010215087214854948,0.01017712983647769,4.184845570115497,0.01438011831988011,1.284150468821229e-14,15.09561011750373,2732722841.6339903,1.9042705656385643,391.7140056734392,Bayesian_Opt 37
