exp,V,E,t,VF,VA,VB,CFLA,CALA,CFK,CBK,I
0,20,0.25,0.0,1.0,1.0,1.0,0.49514725,0.0005181399999999,1.0837626070000002,0.011514245,0.0
0,20,0.25,0.25,1.0085963628762542,0.9975438963210702,0.9938597408026756,0.4903142226713737,0.0016257961512861,0.9548168869959436,0.1364442990013026,0.1203125
0,20,0.25,0.5,1.0160953177257528,0.995401337792642,0.9885033444816054,0.4853440204838536,0.0036963386218308,0.8410701149785309,0.2468382169533353,0.2291666666666666
0,20,0.25,0.75,1.0213994565217392,0.9938858695652172,0.9847146739130436,0.4802418311663494,0.00644725504828,0.749887405663535,0.3359822453108272,0.3234375000000001
0,20,0.25,1.0,1.0234113712374584,0.9933110367892976,0.9832775919732442,0.4750128424477707,0.0095960330672799,0.6886338737667284,0.3971626305285073,0.4
0,20,0.25,1.25,1.0234113712374584,0.9933110367892976,0.9832775919732442,0.4699448723926024,0.0134489712900408,0.6521901238076853,0.4347634170890478,0.459375
0,20,0.25,1.5,1.0234113712374584,0.9933110367892976,0.9832775919732442,0.4649304533595502,0.0185317754313902,0.6258956993559422,0.4622427091543821,0.5083333333333333
0,20,0.25,1.75,1.0234113712374584,0.9933110367892976,0.9832775919732442,0.4593818445188551,0.0248910437833999,0.6028041237022143,0.4864978426981317,0.553125
0,20,0.25,2.0,1.0234113712374584,0.9933110367892976,0.9832775919732442,0.452711305040758,0.0325733746381413,0.5759689201372167,0.5144261536939174,0.6
0,20,0.25,2.25,1.0190351486085696,0.9942492199323628,0.98684064330767,0.4445367407908334,0.0431270646880572,0.5434930808487797,0.5481399550013117,0.653125
0,20,0.25,2.5,1.008396962621737,0.9966489789054764,0.995287423402393,0.4346325869970984,0.0574721989206237,0.5088813748143703,0.5840591682271092,0.7083333333333334
0,20,0.25,2.75,0.9952325361267116,0.9998881280245135,1.0052543713945816,0.4226458968734571,0.0747130580704626,0.4732899905091586,0.6205425424657651,0.759375
0,20,0.25,3.0,0.983277591973244,1.0033444816053512,1.013377926421405,0.4082237236338141,0.0939539228721954,0.4378751164083148,0.6559488268117344,0.8
0,20,0.25,3.25,0.973154397655942,1.00721315765184,1.0192574091464113,0.3890294968789904,0.1163973447261316,0.402825932359075,0.6900256780975033,0.83203125
0,20,0.25,3.5,0.962994867126071,1.0119954043992332,1.02467636354509,0.3637902153162335,0.1433514437751218,0.3675621052489713,0.7236072118258933,0.8604166666666667
0,20,0.25,3.75,0.9527991929183672,1.01752823151051,1.0295475637225209,0.3337482858190866,0.1740788538675991,0.3320855541136178,0.7566818650968623,0.88359375
0,20,0.25,4.0,0.9425675675675677,1.023648648648649,1.0337837837837838,0.3001461152610931,0.2078422088519966,0.2963981979886282,0.7892380750103687,0.9
1,30,0.25,0.0,1.0,1.0,1.0,0.5042800000000001,4.999999999999796e-06,1.018588207,0.007420235,0.0
1,30,0.25,0.25,1.0019335284280937,1.000260938076755,0.9963633513225904,0.5026704880394918,0.0014254463752563,0.8980952703040469,0.1276793752666688,0.20953125
1,30,0.25,0.5,1.0029264214046822,1.0009745416717934,0.99435196446066,0.4983218374979766,0.0053189084413514,0.7883099532892406,0.2374271656867781,0.4129166666666667
1,30,0.25,0.75,1.0032922240802675,1.0020369948322727,0.993492354565724,0.4919538763854698,0.0111335706087742,0.6917745363707138,0.3342449961287513,0.60984375
1,30,0.25,1.0,1.0033444816053512,1.0033444816053512,0.9933110367892976,0.4842864327119863,0.0183176172880138,0.6110312999635983,0.4157142564610121,0.8
1,30,0.25,1.25,1.000304143220189,1.0056664738015122,0.9948154287331844,0.4719085863582797,0.0320197782225834,0.545535844688365,0.4839244236296056,1.014375
1,30,0.25,1.5,0.9924329532525532,1.009545857416405,0.9987219130823052,0.4523451700955608,0.0551415593750745,0.4898201249712299,0.5435536945004643,1.2433333333333334
1,30,0.25,1.75,0.981605649484221,1.014538937774938,1.0041204526128502,0.4277196412695295,0.0837603094845935,0.4390409519359429,0.596066538821843,1.425625
1,30,0.25,2.0,0.9696969696969696,1.02020202020202,1.01010101010101,0.4001554572258863,0.1139533772902467,0.388355136706254,0.6429274263419965,1.5
1,30,0.25,2.25,0.9543077426515614,1.0285873182735823,1.0172461426093344,0.3612922555594723,0.150763611955124,0.3316681510412945,0.6890641880257665,1.444140625
1,30,0.25,2.5,0.932957024131898,1.0409880240474323,1.0265481520857378,0.3058276694376107,0.1986845041098436,0.2689135177379745,0.7368296552769021,1.296875
1,30,0.25,2.75,0.9073968924544656,1.0558219105712945,1.0377116186344577,0.2404721495647247,0.2529693646948043,0.2042901244767117,0.7838257985020195,1.088671875
1,30,0.25,3.0,0.87937942593575,1.0715067508928915,1.0504411223597314,0.1719361466452375,0.3088715046504049,0.1419968589379237,0.8276545881077343,0.8499999999999999
1,30,0.25,3.25,0.8506567028922375,1.0864603180599484,1.0644412433657962,0.1069301113835723,0.3616442349170441,0.0862326088020283,0.8659179945006625,0.6113281249999998
1,30,0.25,3.5,0.8229808016404139,1.0991003851201882,1.0794165617568896,0.0521644944841523,0.4065408664351209,0.0411962617494434,0.8962179880874203,0.4031249999999999
1,30,0.25,3.75,0.7981038004967653,1.1078447251213344,1.0950716576372488,0.0143497466514006,0.4388147101450338,0.0110867054605865,0.9161565392746231,0.2558593749999998
1,30,0.25,4.0,0.7777777777777778,1.1111111111111112,1.1111111111111112,0.0001963185897404,0.4537190769871818,0.0001028276158755,0.9233356184688872,0.2
1,30,0.25,4.25,0.7610738385900364,1.1094227638224348,1.1287533890961403,0.0001181039841039,0.458019949198748,8.334955493273174e-05,0.9195148505738198,0.2
1,30,0.25,4.5,0.7459185272669897,1.104476785397838,1.1489380131206048,5.776850873575796e-05,0.4614532497259427,6.833003544055464e-05,0.9078033868410996,0.2
1,30,0.25,4.75,0.7323470809654189,1.0964517709994683,1.17095114520465,1.8920852027619243e-05,0.4637272005727044,5.866286490643775e-05,0.8878274871994499,0.2
1,30,0.25,5.0,0.7203947368421053,1.0855263157894737,1.1940789473684208,5.169702371196215e-06,0.4645500237429718,5.524185083785011e-05,0.8592134115775939,0.2
2,30,0.25,0.0,1.0,1.0,1.0,0.9927815,0.00120926,1.935952607,0.014723461,0.0
2,30,0.25,0.25,1.005152027026799,1.0012880067566996,0.9935599662165012,0.984850810056378,0.0046608515964946,1.7411467269052128,0.205733113734259,0.352280988511513
2,30,0.25,0.5,1.0094594594592567,1.0023648648648145,0.988175675675929,0.9745302346998092,0.0117223722731681,1.5701743737774694,0.3739714022420422,0.6585826360164512
2,30,0.25,0.75,1.0124155405404645,1.0031038851351162,0.9844805743244192,0.9623557039108888,0.0212741132770084,1.4265012480568773,0.5163981547696436,0.9105929655131636
2,30,0.25,1.0,1.0135135135135136,1.0033783783783785,0.983108108108108,0.9488631476702128,0.0321963658550036,1.313593050183543,0.6299731995633575,1.1
2,30,0.25,1.25,1.0135135135135136,1.0033783783783785,0.983108108108108,0.933612161765277,0.046316480069587,1.2351441978133109,0.7121026004717099,1.2373919823013102
2,30,0.25,1.5,1.0135135135135136,1.0033783783783785,0.983108108108108,0.9149326775110536,0.0658535898451434,1.1711955177047757,0.7793892675718586,1.343409807656464
2,30,0.25,1.75,1.0128760011617914,1.0036221004636643,0.983513544873174,0.8916107795794204,0.090623785257701,1.0899591600433982,0.8572474571846772,1.4259462285394997
2,30,0.25,2.0,1.0038264590757866,1.0071090961777147,0.9892300838391164,0.8639006975679184,0.1243038464497923,0.9749353681873488,0.9571890132077612,1.5037967981117677
2,30,0.25,2.25,0.9854184104801746,1.0142866426579946,1.0007388078682105,0.8319109957167046,0.1667642751199364,0.8342857383482501,1.0729421769322922,1.5800871162637615
2,30,0.25,2.5,0.959383713850647,1.0245849197917134,1.0168077996052172,0.7954547146905656,0.2164038842049383,0.6784060373948255,1.1971454754320288,1.6527882270007193
2,30,0.25,2.75,0.9274542276628956,1.0374341074660811,1.0362051416948963,0.7543448951542888,0.2716214866416027,0.5176920321957974,1.3224374357807278,1.719871174327878
2,30,0.25,3.0,0.8913618103926125,1.052264385568308,1.057698916782009,0.7083945777726612,0.3308158953667343,0.3625394896198886,1.4414565850521466,1.7793070022504751
2,30,0.25,3.25,0.8528383205154896,1.0685059339856036,1.0800572075113153,0.65741680321047,0.3923859233171383,0.2233441765358219,1.5468414503200427,1.8290667547737485
2,30,0.25,3.5,0.8136156165072185,1.0855889326051775,1.1020480965275754,0.6012246121325022,0.4547303834296192,0.11050185981232,1.6312305586581737,1.867121475902935
2,30,0.25,3.75,0.7754255568434912,1.1029435613142398,1.1224396664755505,0.5396310452035447,0.5162480886409819,0.0344083063181056,1.6872624371402962,1.8914422096432733
2,30,0.25,4.0,0.7399999999999999,1.12,1.14,0.4724491430883847,0.5753378518880314,0.0054592829219018,1.7075756128401691,1.9
2,30,0.25,4.25,0.705213927160806,1.1387006727297655,1.1555147216721655,0.385624001268509,0.6339309183072592,0.0037023468270253,1.7050041393087003,1.8172321428591405
2,30,0.25,4.5,0.6681890340765073,1.16066518126998,1.1706385149315008,0.2717387655974463,0.694670330368765,0.0023220409598759,1.6938390931721956,1.6042857142910407
2,30,0.25,4.75,0.6295272510725989,1.1848394720565605,1.185443050725086,0.1405635522980466,0.7570225970097662,0.0014196107737994,1.668904536117508,1.314196428577421
2,30,0.25,5.0,0.5898305084745763,1.2101694915254235,1.2,0.0018684775931602,0.8204542271674794,0.0010963017221416,1.62502452983149,1.0
3,30,0.25,0.0,1.0,1.0,1.0,0.920709,4.999999999999796e-06,1.885945007,0.009237026,0.0
3,30,0.25,0.25,1.0108080296071915,0.9963551554342666,0.99281561461794,0.9111421919759978,0.0007435741153266,1.7001979815768122,0.1829521629998756,0.19453125
3,30,0.25,0.5,1.0206541919093215,0.992910536307546,0.986378737541528,0.9010910693892376,0.0027266846914325,1.5363969891884517,0.3362254370272079,0.3770833333333332
3,30,0.25,0.75,1.0293094708813757,0.9896883898908398,0.98093853820598,0.8905857271333385,0.0056054140735066,1.4052745098858392,0.4592140658201816,0.5460937499999999
3,30,0.25,1.0,1.0365448504983388,0.9867109634551492,0.9767441860465116,0.8796562601019197,0.0090308446067377,1.3175630237198963,0.542075267116981,0.7
3,30,0.25,1.25,1.0432870822747704,0.983551850972947,0.9732246677740864,0.8682148932140167,0.0141376763351006,1.2658455420660355,0.5906985187428956,0.8367187500000001
3,30,0.25,1.5,1.0497361735391832,0.9803037494067394,0.9700166112956812,0.8562240072885753,0.021962584438696,1.2287444387970723,0.6249935108935298,0.9604166666666668
3,30,0.25,1.75,1.054572991987493,0.9777675605125772,0.967680647840532,0.8437889310690797,0.0320096139669011,1.1960512377100316,0.6561477798625409,1.0789062499999995
3,30,0.25,2.0,1.0564784053156149,0.9767441860465116,0.966777408637874,0.8310149932990144,0.0437828099690932,1.1575574626019385,0.6953488619435861,1.2
3,30,0.25,2.25,1.0528959826619095,0.9785406260576768,0.9685633930639994,0.8188625596218453,0.0589665606372965,1.1121046064360296,0.7466571199027683,1.330859375
3,30,0.25,2.5,1.0436169547535934,0.9831930351809112,0.9731900148217236,0.8069320163725904,0.0791648898954405,1.0641804663274774,0.8054216141068178,1.465625
3,30,0.25,2.75,1.0308436816698676,0.9895960470508208,0.9795602766300676,0.793288723332062,0.1037612963907595,1.0120460223012102,0.8697629272503333,1.592578125
3,30,0.25,3.0,1.016778523489933,0.9966442953020134,0.9865771812080536,0.7759980402810726,0.1321392787704882,0.9539622543821568,0.9378016420279136,1.7
3,30,0.25,3.25,0.9996578150924632,1.0052426045228984,0.9951006900717474,0.7517110953177476,0.1690089435016555,0.8852762534767585,1.0170665645573729,1.799609375
3,30,0.25,3.5,0.9772268462822672,1.0165102608724126,1.0062658615234,0.7193017481288342,0.2160775510374554,0.8063973116483284,1.1068427903194258,1.896875
3,30,0.25,3.75,0.9509514095277448,1.0296635903409537,1.0193883434613125,0.680169455878076,0.2682243310043695,0.7231797106571023,1.192885336053021,1.970703125
3,30,0.25,4.0,0.9222972972972971,1.0439189189189189,1.0337837837837838,0.6357136757292171,0.3203285130288796,0.6414777322633155,1.2609492184971078,2.0
3,30,0.25,4.25,0.891295553690918,1.059216825952986,1.049483067284812,0.5846133956285414,0.371250875715409,0.5623681580841616,1.3146568665464116,1.9711588541666667
3,30,0.25,4.5,0.8570275445580207,1.0760111541061332,1.066954611108653,0.5248151811010426,0.4233029167991123,0.4830118741989792,1.366353610697015,1.8859375
3,30,0.25,4.75,0.8195345449911352,1.0942881243432103,1.0861703616789948,0.4566198556785282,0.4765399446025686,0.4033893190612228,1.4148788200899072,1.7462890625
3,30,0.25,5.0,0.7788578300827922,1.1140339576290672,1.1071022654195248,0.3803282428928058,0.5310172674483565,0.3234809311243461,1.4590718638660736,1.5541666666666667
3,30,0.25,5.25,0.7350386749255218,1.1352348749285524,1.12972226875393,0.2962411662756832,0.5867901936590547,0.2432671488418034,1.4977721111665014,1.3115234375
3,30,0.25,5.5,0.6881183546118542,1.1578770972065158,1.1540023181058987,0.2046594493589683,0.6439140315572421,0.1627284106670486,1.5298189311321784,1.0203125000000002
3,30,0.25,5.75,0.6381381442343197,1.181946845427807,1.179914359899118,0.1058839156744686,0.7024440894654972,0.0818451550535359,1.5540516929040908,0.6824869791666666
3,30,0.25,6.0,0.5851393188854489,1.2074303405572755,1.2074303405572755,0.0002153887539918,0.762435675706399,0.0005978204547191,1.5693097656232262,0.3
4,30,0.25,0.0,1.0,1.0,2.0,0.9947465,4.999999999999796e-06,1.919276207,0.008820137,0.0
4,30,0.25,0.25,1.0251032478208677,1.0048771546662143,1.970019597512918,0.9724918337346584,0.0012814029394051,1.61794204933551,0.1525873840797167,0.2651785714285714
4,30,0.25,0.5,1.0454029437862102,1.0089530377368336,1.945644018476956,0.95228109733332,0.0047135052808523,1.3514473310340809,0.2803051676170799,0.5071428571428572
4,30,0.25,0.75,1.0589858225899056,1.0117493328853278,1.9292648445247664,0.934631832369607,0.0097056473091892,1.1355270042846617,0.3854986992089679,0.7205357142857143
4,30,0.25,1.0,1.0639386189258313,1.012787723785166,1.9232736572890023,0.9200615804171433,0.0156621693092635,0.9859160212762038,0.4616931904522596,0.9
4,30,0.25,1.25,1.0618396573522608,1.0123840296988358,1.92574504489908,0.909223355637872,0.0248791470670722,0.8896652400546402,0.5140971454003431,1.0476934523809522
4,30,0.25,1.5,1.0564145303633754,1.0114959027089094,1.9320061854615191,0.9007493942586494,0.0391264063663513,0.8161244808514367,0.5553628147090256,1.1748015873015871
4,30,0.25,1.75,1.0489708745569128,1.010607775718983,1.9403275455746336,0.892126070950468,0.0570189124885569,0.7544771391338432,0.5901810298788136,1.2895089285714287
4,30,0.25,2.0,1.0408163265306123,1.010204081632653,1.948979591836735,0.8808397603843203,0.0771716307151446,0.6939066103691084,0.6232426224102141,1.4
4,30,0.25,2.25,1.031686579915697,1.0107291597679942,1.9583342366406349,0.8657897364553071,0.1008194717930759,0.632677944313236,0.6554859119925213,1.525
4,30,0.25,2.5,1.0200828697577249,1.0122382585937255,1.9695120455810264,0.8470169511472292,0.13015522874479,0.5754670267641961,0.6851384135640204,1.6555555555555557
4,30,0.25,2.75,1.005461144775935,1.014632174739409,1.9819064650590448,0.8237202962641281,0.1652306902649591,0.5210735072521885,0.7128247514987044,1.7583333333333333
4,30,0.25,3.0,0.9872773536895674,1.0178117048346056,1.994910941475827,0.7950986636100459,0.2060976450482556,0.4682970353074126,0.7391695501705663,1.8
4,30,0.25,3.25,0.9572161188745524,1.0296862525084696,2.0118257939073314,0.7553115956270712,0.2606918256365229,0.416345667158389,0.764054131421533,1.8
4,30,0.25,3.5,0.913689412683976,1.0544196602253906,2.0319989527974696,0.7006350688506486,0.3306437238595642,0.3658373376278439,0.7874400801412919,1.8
4,30,0.25,3.75,0.866244208802811,1.0862943828677845,2.048895281599305,0.6334426262248533,0.4065472673439905,0.3176865141372858,0.8100724152754771,1.8
4,30,0.25,4.0,0.8244274809160306,1.1195928753180662,2.055979643765903,0.55610781069376,0.478996383716413,0.2728076641082232,0.8326961557697224,1.8
4,30,0.25,4.25,0.7894695725588479,1.154985091654214,2.053455290342182,0.4603478363685293,0.5464274597938332,0.2309114465264712,0.8554430687669117,1.7742187500000002
4,30,0.25,4.5,0.7563673849597483,1.1963625451486286,2.0454122517185067,0.3394533286265205,0.6135461189285181,0.1912595126123918,0.8779454794515259,1.70625
4,30,0.25,4.75,0.7253177283436131,1.24284002947536,2.031145560366108,0.1981579473111078,0.6803501435499768,0.154092818139314,0.9001992438315953,1.61015625
4,30,0.25,5.0,0.6965174129353234,1.2935323383084578,2.009950248756219,0.0411953522656649,0.7468373160877187,0.1196523188805666,0.92220021791515,1.5
5,30,0.25,0.0,1.0,1.0,2.0,0.988266015,0.0003971399999999,1.933172707,0.011154114,0.0
5,30,0.25,0.25,1.0218408808933002,0.990446262406948,1.987712856699752,0.9667977306104044,0.0026622187129905,1.8656346169870828,0.0277483469185031,0.2219572368421052
5,30,0.25,0.5,1.0418155500413566,0.9816511579818034,1.9765332919768408,0.9467623024221774,0.0058005711582684,1.8009594429821982,0.0452805813271294,0.4335526315789474
5,30,0.25,0.75,1.056391129032258,0.9752066532258068,1.968402217741936,0.9299216741898144,0.0096526408096015,1.740765017587879,0.0638462841867585,0.6283717105263159
5,30,0.25,1.0,1.0620347394540943,0.9727047146401988,1.9652605459057075,0.9180377896678108,0.0140588711407574,1.6866691734066583,0.0835409224582701,0.8
5,30,0.25,1.25,1.061670315726135,0.972817770928798,1.9655161763251856,0.9104267754655236,0.0188698128516538,1.6413295923838536,0.102992510676803,0.9638569078947368
5,30,0.25,1.5,1.0605885479273929,0.9731574726775368,1.9662685953269023,0.9047818929818252,0.0242037665579497,1.6040363295217055,0.1215039499735544,1.1338815789473684
5,30,0.25,1.75,1.0588066911355738,0.973724619210828,1.967496094525784,0.9004307881554845,0.0303028006070243,1.5713557770081328,0.140183037203491,1.301439144736842
5,30,0.25,2.0,1.0563420004283826,0.9745200098530836,1.9691769655367528,0.8967011069252703,0.0374089833462567,1.5398543270310543,0.1601375692215798,1.4578947368421051
5,30,0.25,2.25,1.0532117308835245,0.975544443928716,1.971289499974734,0.8929204952299515,0.0457643831230262,1.5060983717783898,0.1824753428827877,1.5946134868421054
5,30,0.25,2.5,1.0494331375787047,0.976798720762138,1.9738119894546529,0.8884165990082967,0.055611068284712,1.466654303438057,0.2083041550420815,1.7029605263157892
5,30,0.25,2.75,1.045023475591628,0.978283639677762,1.9767227255914328,0.882517064199075,0.0671911071786935,1.418088514197975,0.2387318025544282,1.7743009868421051
5,30,0.25,3.0,1.04,0.98,1.98,0.874549536741055,0.0807465681523497,1.3569673962460636,0.2748660822747947,1.8
5,30,0.25,3.25,1.0287904395847542,0.9844229329520878,1.987282377896156,0.8623290359629283,0.1033076061056572,1.2492892513615084,0.3372172997226166,1.8
5,30,0.25,3.5,1.008429839577894,0.9931347033983462,1.9997964339966383,0.8442343594496707,0.1385779864834667,1.0897021055273646,0.4289137139222602,1.8
5,30,0.25,3.75,0.9828464297337282,1.0047968111248156,2.013902474167776,0.8204388205244764,0.1818101934504685,0.9177469372373516,0.5249900519860873,1.8
5,30,0.25,4.0,0.9559684398065664,1.0180707559175362,2.025960804275897,0.7911157325105398,0.2282567111713531,0.7729647249851902,0.6004810410264605,1.8
5,30,0.25,4.25,0.9282316842227556,1.03399440367064,2.0356600752560605,0.7494286899356002,0.2776440303164411,0.656591732257808,0.6566336296221481,1.77578125
5,30,0.25,4.5,0.8974814015121407,1.054335250623506,2.04507730187988,0.6893115891153053,0.332796846524599,0.5441943959672267,0.7106404974305531,1.70625
5,30,0.25,4.75,0.8637599575842771,1.0788492420800462,2.0541553357685176,0.6120931960547117,0.3936149514133351,0.4368089547448058,0.7614549681819905,1.59609375
5,30,0.25,5.0,0.8271097183487209,1.107292323344171,2.062837028543132,0.519102276758876,0.4599981366001583,0.3354716472219051,0.8080303656067745,1.45
5,30,0.25,5.25,0.7875730497150275,1.139420439719792,2.071065231824885,0.4116675972328549,0.531846193702577,0.2412187120298843,0.8493200134352202,1.27265625
5,30,0.25,5.5,0.7451923175927526,1.1749895365108205,2.078782797234936,0.2911179234817054,0.6090589143380997,0.1550863878001032,0.8842772353976416,1.06875
5,30,0.25,5.75,0.700009887891452,1.213755559021168,2.0859325763944456,0.1587820215104841,0.6915360901242348,0.0781109131639213,0.9118553552243536,0.8429687499999998
5,30,0.25,6.0,0.6520681265206812,1.2554744525547448,2.0924574209245743,0.0159886573242478,0.7791775126784914,0.0113285267526983,0.9310076966456708,0.5999999999999999
6,10,0.25,0.0,1.0,1.0,2.0,1.00094461,4.999999999999796e-06,1.940222607,0.009567475,0.0
6,10,0.25,0.25,1.0244611782740256,0.9948043325643612,1.9806088618179971,0.9776372177943828,3.728704004236508e-05,1.89003922708908,0.0123610155734508,0.025
6,10,0.25,0.5,1.0474353655584585,0.98927759935388,1.962952028838019,0.9560864300618104,0.0001232600082593,1.8429341768019776,0.0155871456192117,0.05
6,10,0.25,0.75,1.0687321723306642,0.9834445601692298,1.9474463854692576,0.9366043393242072,0.0002465866767856,1.7993067432456455,0.0191852258649111,0.075
6,10,0.25,1.0,1.0881612090680102,0.9773299748110832,1.9345088161209067,0.9195030381034968,0.0003909348177561,1.7595562135270362,0.0230946170381774,0.1
6,10,0.25,1.25,1.10597864795185,0.9706981679729084,1.9236658578770989,0.9044755636480498,0.0005969659669582,1.7236757190001315,0.0273768211354423,0.1296875
6,10,0.25,1.5,1.12252218608314,0.9635726763109432,1.914148921911583,0.8909306979374667,0.0009012711283716,1.6907802445314872,0.0321460914298322,0.1625
6,10,0.25,1.75,1.1377237213186504,0.9563670775700144,1.9059322037679771,0.8787541505905175,0.0012814122764194,1.6599518574969163,0.037420915564017,0.1890625
6,10,0.25,2.0,1.1515151515151514,0.9494949494949496,1.898989898989899,0.8678316312259712,0.0017149513855245,1.6302726252722337,0.043219781180667,0.2
6,10,0.25,2.25,1.1658110866788465,0.9430979309576376,1.8923770501530135,0.8566371313553827,0.0022668803256717,1.5992991761353117,0.0496986908360555,0.2
6,10,0.25,2.5,1.1802793639876126,0.9369311140628868,1.8860365921668736,0.8454429144573025,0.0029727372795019,1.5680936694030942,0.0569764258984886,0.2
6,10,0.25,2.75,1.1914817220557326,0.9308282564049024,1.881274559075928,0.8368320981009942,0.0037659036904218,1.5409964690099998,0.0650156422286849,0.2
6,10,0.25,3.0,1.1959798994974875,0.9246231155778896,1.879396984924624,0.8333877998557218,0.0045797610018383,1.5223479388904464,0.073778995687363,0.2
6,10,0.25,3.25,1.1940689083041471,0.9182869981123576,1.8840937642759257,0.8344655047272266,0.0054112333638332,1.509708599590832,0.0835022149770069,0.2
6,10,0.25,3.5,1.1880202781584692,0.9119023975009304,1.896921476067205,0.8380895410105175,0.0062987383001517,1.498772682237716,0.0943579420836104,0.2
6,10,0.25,3.75,1.177360524211969,0.905469851780985,1.915986180904523,0.8448462912087595,0.0072378973146952,1.4910811166357612,0.1062142027931566,0.2
6,10,0.25,4.0,1.161616161616161,0.898989898989899,1.93939393939394,0.8553221378251178,0.0082243319113649,1.4881748325896291,0.1189390228916286,0.2
7,30,0.25,0.0,1.0,1.0,2.0,2.8351365000000004,0.00890957,5.054992607,0.052572561,0.0
7,30,0.25,0.25,1.018986973345526,0.9935581140350878,1.987241541353384,2.775498166537873,0.018812883957926,4.858133006137693,0.1087814243070245,0.5404551630434783
7,30,0.25,0.5,1.0361164736164736,0.9879385964912282,1.975375939849624,2.717721943967051,0.0337625036275985,4.665812705667428,0.1698297691949472,1.0203804347826089
7,30,0.25,0.75,1.0508518974801868,0.9839638157894738,1.9645441729323312,2.6619096722868214,0.0524977976158039,4.478207207817624,0.2352622478087037,1.4151154891304347
7,30,0.25,1.0,1.06265664160401,0.9824561403508772,1.954887218045113,2.608163191496471,0.0737581345293284,4.2954920148167,0.3046235122932295,1.7
7,30,0.25,1.25,1.0730711914922442,0.9824561403508772,1.9451127819548877,2.5545677283879127,0.1002924365928383,4.126237961875554,0.3754234818080093,1.895978260869565
7,30,0.25,1.5,1.0827745038271357,0.9824561403508772,1.9353383458646616,2.5015352295876494,0.1339857994941419,3.9671980989718456,0.4495040674222471,2.050869565217391
7,30,0.25,1.75,1.0899376820429454,0.9824561403508772,1.9278195488721803,2.452657614846853,0.1722818520347384,3.800821250484133,0.532907909145457,2.180326086956521
7,30,0.25,2.0,1.0927318295739348,0.9824561403508772,1.924812030075188,2.411526803916694,0.212624223016127,3.609556240790978,0.631677646987153,2.3
7,30,0.25,2.25,1.08990478337458,0.9842248580476088,1.9259885250315876,2.378568426412347,0.255010985413503,3.356858025133564,0.7728549148333033,2.4175
7,30,0.25,2.5,1.0825158922949998,0.988634709179588,1.9291645090688156,2.3502068598722983,0.3013535959008606,3.055464153377573,0.953374041316962,2.526666666666667
7,30,0.25,2.75,1.0722035276129185,0.9943412408094926,1.9338097309389175,2.3240321459326867,0.3519657588278972,2.761747341838309,1.1341167085682733,2.6225000000000005
7,30,0.25,3.0,1.0606060606060606,1.0,1.93939393939394,2.297634326229651,0.4071611785443103,2.532080306831076,1.2759645987173802,2.7
7,30,0.25,3.25,1.0456095662045808,1.005427598229622,1.9486092949053253,2.265868969718604,0.4709451389894521,2.3711257191772788,1.3761469620924691,2.76875
7,30,0.25,3.5,1.025143739006622,1.0114019325089494,1.9631417744766424,2.23149168504548,0.5431912556947438,2.237096961829326,1.4613511674458377,2.833333333333333
7,30,0.25,3.75,1.0009123797918928,1.0180204781987765,1.9809518516581237,2.2039425733821973,0.6180157303979861,2.116692819299028,1.5366460745437966,2.88125
7,30,0.25,4.0,0.9746192893401016,1.0253807106598984,2.0,2.192661735900677,0.6895347648369798,1.996612076098197,1.6071005431526555,2.9
7,30,0.25,4.25,0.9453772697152292,1.0337796131102508,2.020840241071951,2.1927431108482343,0.7568355288240248,1.874203821187215,1.674782876064652,2.9
7,30,0.25,4.5,0.9115891338793806,1.043347098894099,2.045061210690904,2.1933127354811344,0.8229030687622205,1.7558424538973485,1.7379372297437483,2.9
7,30,0.25,4.75,0.8738936989594481,1.0539300385617316,2.072175303777964,2.1948588594847207,0.8877004012755672,1.6417647242967357,1.7958962444638438,2.9
7,30,0.25,5.0,0.8329297820823245,1.0653753026634385,2.101694915254237,2.197869732544336,0.9511905429880648,1.5322073824535145,1.8479925604988368,2.9
8,30,0.25,0.0,1.0,1.0,6.0,2.62834885,4.999999999999796e-06,4.949570607,0.014336177,0.0
8,30,0.25,0.25,1.040284959532374,0.9962053571428572,5.961953125,2.528724120750989,0.005616862815045,4.627961624819757,0.0415741460958623,0.5123405612244898
8,30,0.25,0.5,1.0778432254196642,0.991547619047619,5.926458333333334,2.4357452152293955,0.0120513615781358,4.32596626326443,0.0678689961563371,0.9912414965986396
8,30,0.25,0.75,1.1089798785971223,0.9861160714285714,5.900234375,2.3575613008163034,0.0192804357437753,4.061555174984889,0.0927623645756482,1.3995216836734696
8,30,0.25,1.0,1.13,0.98,5.89,2.302321544892799,0.0272760247664662,3.8526990126320015,0.1157958887480198,1.7
8,30,0.25,1.25,1.1442856339928058,0.971640625,5.8904296875,2.2648822733717453,0.0356480178433196,3.692603062903984,0.1363271814194294,1.930859375
8,30,0.25,1.5,1.1575089928057554,0.9602678571428572,5.8915625,2.2337257203517016,0.0442612938250943,3.557817417070508,0.1546047767447546,2.1509566326530614
8,30,0.25,1.75,1.1694104091726618,0.9471540178571428,5.8931640625,2.2074399154922943,0.0534702766467643,3.441329934639625,0.1715066942315685,2.354121492346939
8,30,0.25,2.0,1.179730215827338,0.9335714285714284,5.895,2.1846128884531515,0.0636293902433039,3.3361284751193856,0.1879109533874446,2.5341836734693874
8,30,0.25,2.25,1.1882087455035972,0.9207924107142856,5.896835937500001,2.1638326688939005,0.0750930585496872,3.2352008980178417,0.2046955737199562,2.684972895408163
8,30,0.25,2.5,1.1945863309352516,0.9100892857142856,5.898437500000001,2.1436872864741683,0.0882157055008885,3.131535062843045,0.2227385747366767,2.8003188775510206
8,30,0.25,2.75,1.1986033048561149,0.902734375,5.8995703125,2.122764770853581,0.1033517550318817,3.018118829103046,0.2429179759451795,2.8740513392857148
8,30,0.25,3.0,1.2,0.8999999999999999,5.9,2.099653151691769,0.1208556310776413,2.887940056305896,0.266111796853038,2.9
8,30,0.25,3.25,1.1982455420206723,0.902111066287088,5.89961333570976,2.0755675444015638,0.1451783733408164,2.7376155522660977,0.2944987663348796,2.8927884615384616
8,30,0.25,3.5,1.1932287857511226,0.9080742171305992,5.898593948035488,2.0523710758146616,0.179463064944794,2.57178647471884,0.3286133474770839,2.872596153846154
8,30,0.25,3.75,1.1853196576940015,0.9173343805039044,5.897152744771864,2.0296237927189886,0.2221021949556542,2.3954772080532027,0.3668671611048518,2.8415865384615384
8,30,0.25,4.0,1.174888084351959,0.9293364843803732,5.895500633713561,2.006885741902468,0.2714882524394774,2.2137121366582675,0.4076718280433846,2.8019230769230767
8,30,0.25,4.25,1.1623039922276448,0.9435254567333764,5.89384852265526,1.9837169701530224,0.3260137264623436,2.031515644923115,0.4494389691178831,2.7557692307692307
8,30,0.25,4.5,1.14793730782371,0.9593462255362848,5.892407319391634,1.9596775242585769,0.3840711060903333,1.8539121172368267,0.4905802051535488,2.7052884615384616
8,30,0.25,4.75,1.132157957642805,0.9762437187624684,5.891387931717364,1.934327451007054,0.4440528803895266,1.6859259379884828,0.5295071569755826,2.652644230769231
8,30,0.25,5.0,1.1153358681875791,0.9936628643852978,5.891001267427122,1.907226797186378,0.5043515384260038,1.5325814915671645,0.5646314454091856,2.6
8,30,0.25,5.25,1.0920284109301033,1.0150872537093776,5.893038908984703,1.8777077961341533,0.5691414186528088,1.3923957183650473,0.5965085617025344,2.540324519230769
8,30,0.25,5.5,1.05888307979695,1.0429456125942704,5.898308706385833,1.845790535893116,0.6421704965962282,1.260078576920823,0.6268590047044372,2.4677884615384613
8,30,0.25,5.75,1.0194049849725215,1.075100570845782,5.905545968723091,1.8120668453088895,0.7211917169322059,1.1349439788433484,0.6558419066410425,2.386358173076923
8,30,0.25,6.0,0.9770992366412212,1.1094147582697202,5.913486005089059,1.7771285532270962,0.8039580243366856,1.0163058357414787,0.6836163997384992,2.3
9,30,0.25,0.0,1.0,1.0,3.0,3.1527758,0.0007369649999999,5.314770607,0.019579081,0.0
9,30,0.25,0.25,1.0303365080202618,0.9862344729440355,2.983764756178288,3.069529066883394,0.0039101284340379,5.113232983429735,0.0444097032476735,0.4500669642857143
9,30,0.25,0.5,1.058366751090474,0.9733740172120828,2.969154530744337,2.99127396102921,0.0123368661292612,4.915911986351026,0.0744674695713095,0.8710119047619047
9,30,0.25,0.75,1.0789527490502322,0.9634510588029422,2.958603403574581,2.922419507837225,0.0243780491753337,4.7244199663779805,0.1092752130535071,1.2314508928571428
9,30,0.25,1.0,1.0869565217391304,0.9584980237154148,2.9545454545454546,2.867374732707217,0.0383945486619191,4.540369274124702,0.1483557667768656,1.5
9,30,0.25,1.25,1.0866488902542777,0.9568245234428516,2.955083554022586,2.823863508231204,0.0581358828628565,4.365129370346482,0.1935652066898156,1.702062059859155
9,30,0.25,1.5,1.0857321838206118,0.9553833331980598,2.95662284087532,2.7858714650631606,0.0875184063703478,4.197444480379469,0.246244327533,1.8843913480885317
9,30,0.25,1.75,1.0842156844694726,0.9541716245590232,2.959050797735664,2.752200265695804,0.1251532447516007,4.0349891017090505,0.3051430405773357,2.047631099094568
9,30,0.25,2.0,1.0821086742321988,0.953186569103726,2.962254907235628,2.721651572621848,0.1696515235738233,3.875437731820617,0.3690112570937399,2.1924245472837023
9,30,0.25,2.25,1.0794204351401298,0.952425338410152,2.9661226520072197,2.6930270483340077,0.2196243684042231,3.716464868199558,0.4365988883531296,2.3194149270623745
9,30,0.25,2.5,1.0761602492246047,0.9518851040562856,2.9705415146824468,2.665128355324998,0.2736829048100082,3.555745008331262,0.5066558456264219,2.4292454728370227
9,30,0.25,2.75,1.072337398516963,0.9515630376201109,2.9753989778933194,2.636757156087535,0.3304382583583863,3.390952649701118,0.5779320401845336,2.5225594190140845
9,30,0.25,3.0,1.0679611650485437,0.9514563106796116,2.9805825242718447,2.606715113114333,0.3885015546165652,3.219762289794516,0.649177383298382,2.6
9,30,0.25,3.25,1.0568559631171046,0.954624051447038,2.9902721395062435,2.577478031136305,0.4560713666949294,3.040516566533681,0.7240386911314237,2.6642165492957743
9,30,0.25,3.5,1.0363552200678094,0.9629704532549016,3.004687486196993,2.5499246497649377,0.5368488640803041,2.855548570815006,0.8043656641008942,2.718192488262911
9,30,0.25,3.75,1.0117317375031056,0.974760285361577,3.017775562344488,2.520461033813805,0.6226990669045582,2.668518479585136,0.8862125398583786,2.763072183098592
9,30,0.25,4.0,0.9882583170254402,0.9882583170254402,3.02348336594912,2.48549324809648,0.7054869952995606,2.483086469790715,0.9656335560554624,2.8
9,30,0.25,4.25,0.9670317028955538,1.008300213460971,3.02043784251458,2.438298924706589,0.7855762284012996,2.293819395232696,1.0447167933028598,2.834375
9,30,0.25,4.5,0.9452902412281512,1.0370584925076174,3.013737690958592,2.380436686340423,0.8664652201424317,2.100899498665192,1.1245603367319,2.8666666666666667
9,30,0.25,4.75,0.922519136406626,1.0688032023612064,3.0070375394026043,2.320734083715556,0.9447213028498276,1.916410040464584,1.1997334307750909,2.890625
9,30,0.25,5.0,0.8982035928143713,1.097804391217565,3.003992015968064,2.268018667549561,1.0169118088503586,1.7524342810072544,1.2648053198649407,2.9
9,30,0.25,5.25,0.8728217311800428,1.1253032919103971,3.00528871227713,2.22790777815722,1.077426973199016,1.611157324413769,1.3219535934815705,2.878125
9,30,0.25,5.5,0.8461887347481595,1.1534965757461229,3.0089579009127063,2.1939071443356566,1.1303987984677586,1.483119396593186,1.3748721502500256,2.825
9,30,0.25,5.75,0.8167954016759096,1.178087448629644,3.014668231437359,2.1566768995259653,1.1870072682589083,1.3629364406046274,1.420404698320199,2.759375
9,30,0.25,6.0,0.7831325301204819,1.1947791164658632,3.0220883534136544,2.106877177169237,1.2584323661747865,1.2452243995072134,1.4553949458419846,2.7
9,30,0.25,6.25,0.7431113995183802,1.2057503666433962,3.041474841816698,2.0314459899837622,1.355391177743313,1.1287161983455578,1.4830341489040957,2.6500000000000004
9,30,0.25,6.5,0.6963174918399926,1.2151843762355057,3.079555426441212,1.9277316894320344,1.477927918844484,1.01586858150616,1.507266010987293,2.6
9,30,0.25,6.75,0.643752909043334,1.221790935674065,3.130705489079193,1.802009917071448,1.6212132686087364,0.9068832210609692,1.5260629113295416,2.5500000000000003
9,30,0.25,7.0,0.5864197530864198,1.224279835390946,3.189300411522633,1.6605563144593989,1.7804179061665069,0.8019617890819337,1.5373972291688065,2.5
10,10,0.25,0.0,1.0,1.0,2.0,2.96811365,0.0004068199999999,5.156120607,0.0369187479999999,0.0
10,10,0.25,0.25,1.0337709433009736,0.9856075627896622,1.980595187437642,2.87483104432099,0.0005660696321718,4.960228912288343,0.055832668783339,0.1374999999999999
10,10,0.25,0.5,1.0661000049423486,0.9716491875824932,1.9621806568839004,2.7866625716668314,0.0009868223289648,4.773423101800998,0.0759895289110561,0.2666666666666667
10,10,0.25,0.75,1.0961672414524504,0.9583194205545208,1.9454344185778636,2.707469351056592,0.0015835837907946,4.601290525588825,0.0974923251194635,0.3625
10,10,0.25,1.0,1.1231527093596056,0.9458128078817734,1.9310344827586203,2.6411125015093395,0.002270859718077,4.449418533702676,0.1204440541448735,0.4
10,10,0.25,1.25,1.1473179286192468,0.9340836027752152,1.918705885535475,2.5854093356565016,0.0032100153300112,4.31517199266657,0.1449496881557626,0.4
10,10,0.25,1.5,1.1697120574656144,0.9228898609812268,1.9075559163963132,2.5350117086040385,0.0045738659470937,4.191036016646961,0.1709365046685499,0.4
10,10,0.25,1.75,1.190696609845248,0.912131832478962,1.897335965648097,2.4890325530828243,0.0062940924216859,4.075278327158365,0.1982409584414609,0.4
10,10,0.25,2.0,1.2106330997046877,0.9017097672475743,1.887797423597788,2.446584801823729,0.0083023756061489,3.966166645715307,0.2266995042327209,0.4
10,10,0.25,2.25,1.2298830409904715,0.8915239152662169,1.8786916805523468,2.406781387557624,0.0105303963528441,3.861968693832301,0.2561485968005556,0.4
10,10,0.25,2.5,1.2488079476491405,0.8814745265140432,1.869770126818736,2.3687352430153807,0.0129098355141328,3.7609521930238654,0.2864246909031903,0.4
10,10,0.25,2.75,1.267769333627232,0.8714618509702068,1.860784152703917,2.3315593009278714,0.0153723739423762,3.661384864804523,0.3173642412988505,0.4
10,10,0.25,3.0,1.287128712871287,0.8613861386138614,1.851485148514852,2.2943664940259665,0.0178496924899358,3.561534430688789,0.348803702745762,0.4
10,10,0.25,3.25,1.306451598357508,0.8516027542402475,1.8419009067381065,2.2582361900679158,0.0205877154297814,3.460995088912085,0.3835596337308293,0.4
10,10,0.25,3.5,1.325334177677992,0.8421600109896691,1.832386492262173,2.2242343380948686,0.0237297832590885,3.362816961696209,0.4213960092503214,0.4
10,10,0.25,3.75,1.3441839767031158,0.8324975813588743,1.8231842039968984,2.191453742762051,0.0270537011665258,3.270451656535251,0.4575704088265097,0.4
10,10,0.25,4.0,1.3634085213032583,0.8220551378446117,1.8145363408521304,2.1589872087246875,0.0303372743407625,3.187350780923298,0.4873404119816656,0.4
10,10,0.25,4.25,1.384018782170673,0.8099629696197606,1.8061355980120235,2.1253516244373087,0.0335010564137299,3.113095345618535,0.5097753033585678,0.4
10,10,0.25,4.5,1.4055048327096815,0.7966514727618219,1.79791797856225,2.0914156684113783,0.036671275451554,3.0446916691589725,0.5286942263752575,0.4
10,10,0.25,4.75,1.4259928528587615,0.783510480124476,1.7904907432649355,2.0597998303875205,0.0399342482941948,2.9817293207084354,0.5464795487169007,0.4
10,10,0.25,5.0,1.443609022556391,0.7719298245614035,1.7844611528822054,2.03312460010636,0.0433762917816128,2.9237978694307496,0.5655136380686635,0.4
10,10,0.25,5.25,1.4589426622003565,0.7617323239201623,1.7793939819194693,2.010120045346896,0.0469896190498645,2.868961837275384,0.5861038441971602,0.3979817708333333
10,10,0.25,5.5,1.473715967015519,0.7518669919043159,1.7745183818736172,1.987989457567852,0.0507117597077994,2.815800279382955,0.6069808474248191,0.3921875
10,10,0.25,5.75,1.4877544291809677,0.7424129551515524,1.7699381789939928,1.9670631620294416,0.0545470053045664,2.764674564704011,0.6281620112705262,0.3830078125
10,10,0.25,6.0,1.500883540875791,0.7334493402995599,1.7657571995299397,1.9476714839918805,0.0584996473893146,2.715946062189103,0.6496646992531683,0.3708333333333333
10,10,0.25,6.25,1.5129287942790783,0.7250552739860263,1.7620792697308028,1.9301447487153809,0.062573977511193,2.669976140788778,0.6715062748916318,0.3560546874999999
10,10,0.25,6.5,1.5237156815699182,0.71730988284864,1.759008215845926,1.9148132814601584,0.0667742872193506,2.6271261694535863,0.6937041017048031,0.3390625
10,10,0.25,6.75,1.5330696949274,0.7102922935250889,1.7566478641246523,1.902007407486426,0.0711048680629364,2.587757517134075,0.7162755432115684,0.3202473958333333
10,10,0.25,7.0,1.5408163265306123,0.7040816326530613,1.7551020408163265,1.892057452054398,0.0755700115910995,2.552231552780795,0.7392379629308143,0.3
11,30,0.25,0.0,1.0,1.0,6.0,2.89925685,0.00933871,5.264514607,0.036190936,0.0
11,30,0.25,0.25,1.0311456305323228,1.0,5.971513394432903,2.8127973806096693,0.020719949204496,5.029166753171225,0.054242312822562,0.5330255681818182
11,30,0.25,0.5,1.060385206684823,1.0,5.944967220613933,2.7308242807036662,0.0369176503823325,4.799301915651501,0.0745528525822133,1.0297348484848483
11,30,0.25,0.75,1.0821594522221842,1.0,5.923210163760723,2.6564748702252348,0.0569892386551061,4.577102153393471,0.0971011160076916,1.4365767045454547
11,30,0.25,1.0,1.090909090909091,1.0,5.909090909090909,2.5928864691176203,0.0799921391444138,4.364749525349771,0.1218656638277344,1.7
11,30,0.25,1.25,1.0912625375260958,1.0010163782068888,5.900079820656883,2.536590771834992,0.1082271070255534,4.1609339126586855,0.1496839384336304,1.863387784090909
11,30,0.25,1.5,1.091556856962367,1.0038572194111568,5.891837128518088,2.4825158532082856,0.1437574086632565,3.962600054147893,0.1809393457316603,2.006534090909091
11,30,0.25,1.75,1.0917957481455145,1.0082100834882075,5.884496316902737,2.4313936037458963,0.1852842359632697,3.769312295304121,0.2149293917230499,2.1305042613636367
11,30,0.25,2.0,1.091982910003147,1.0137625303134432,5.878190870039039,2.3839559139562176,0.23150878083134,3.5806349816140988,0.2509515824090249,2.2363636363636363
11,30,0.25,2.25,1.0921220414628745,1.0202021197622673,5.873054272155205,2.340934674347645,0.281132235173214,3.396132458564554,0.2883034237908108,2.325177556818182
11,30,0.25,2.5,1.0922168414523064,1.0272164117100826,5.869220007479442,2.303061775428571,0.3328557908946388,3.215369071642217,0.3262824218696334,2.398011363636364
11,30,0.25,2.75,1.092271008899052,1.034492966032292,5.8668215602399645,2.271069107707391,0.385380639901361,3.037909166333814,0.3641860826467183,2.455930397727273
11,30,0.25,3.0,1.0922882427307206,1.0417193426042983,5.865992414664981,2.245688561692499,0.4374079740991275,2.8633170881260743,0.4013119121232913,2.5
11,30,0.25,3.25,1.082505490232543,1.049393335240664,5.872784183111137,2.2280490317045856,0.4905269977645272,2.6938138764902173,0.4388889958281921,2.53671875
11,30,0.25,3.5,1.0585102158413542,1.0584122911839775,5.888468374877546,2.21527363662226,0.5471491636549397,2.530179598020171,0.477636718513506,2.56875
11,30,0.25,3.75,1.0283318942121682,1.069063100451683,5.906008319606122,2.202085603790795,0.6072090363972974,2.369817138886728,0.5160880350153264,2.5914062500000004
11,30,0.25,4.0,1.0,1.0816326530612246,5.918367346938775,2.1832081605554645,0.6706411806185331,2.210129385260679,0.5527759001697471,2.6
11,30,0.25,4.25,0.975186194424394,1.0977936345572443,5.925163712573125,2.1518446286657817,0.7389926741618987,2.049113990912004,0.5878046874330423,2.6
11,30,0.25,4.5,0.9496787920194067,1.118260719205512,5.930794555738168,2.1072963640859,0.8123731682418531,1.8885546456548123,0.6218987934016612,2.6
11,30,0.25,4.75,0.9226822474118228,1.141883780105163,5.935391531372882,2.0534336454830497,0.8885610875421387,1.7315332897260909,0.6545212076219595,2.6
11,30,0.25,5.0,0.8934010152284264,1.16751269035533,5.939086294416244,1.9941267515244625,0.965334856746498,1.5811318633628255,0.6851349196402928,2.6
11,30,0.25,5.25,0.8608309430900828,1.1976339392863569,5.941669283326555,1.925080670185291,1.0437859032701229,1.4345518358492244,0.7147451285533968,2.58125
11,30,0.25,5.5,0.8251793250793447,1.2328418458969956,5.94348936097487,1.842429202121985,1.124603841445448,1.2908611146153868,0.743498368986109,2.533333333333333
11,30,0.25,5.75,0.7874677855155282,1.2691480277889948,5.945515818919299,1.7506858450237206,1.204964376332083,1.1559412971171403,0.7695696337769378,2.46875
11,30,0.25,6.0,0.7487179487179487,1.3025641025641026,5.948717948717949,1.6543640965796744,1.282043212989636,1.035673980810312,0.7911339157643916,2.4
11,30,0.25,6.25,0.7089455852893057,1.3321693378369832,5.956643097888121,1.554763298953174,1.356311910523743,0.932890076930732,0.8086640531116541,2.3125
11,30,0.25,6.5,0.6675396504694049,1.360219350137539,5.970436209410462,1.4480885029110864,1.429042688144102,0.8413761580679595,0.823995336269854,2.2
11,30,0.25,6.75,0.62458154553322,1.3874902804403766,5.987462968038102,1.3312117690478953,1.4986122410664184,0.7534473137084131,0.8373464365094175,2.0875
11,30,0.25,7.0,0.5801526717557253,1.4147582697201018,6.005089058524173,1.2010051579580858,1.5633972645063965,0.6614186333385115,0.8489360251007708,2.0
11,30,0.25,7.25,0.5341089736500064,1.4421592642886845,6.023414376678552,1.052270020528706,1.623755411143493,0.5639373918082308,0.8593112634017285,1.9359375
11,30,0.25,7.5,0.4863094454365275,1.4693093869661018,6.044099047257142,0.883593846357887,1.6808980992187543,0.4648002855454838,0.8686878169609448,1.8791666666666669
11,30,0.25,7.75,0.4368400629513302,1.4962050434889709,6.0668490984321135,0.6975279041067373,1.734482672290268,0.3640465364035944,0.8767871133351046,1.8328125
11,30,0.25,8.0,0.3857868020304568,1.5228426395939088,6.091370558375636,0.4966234624363657,1.7841664739161207,0.2617153662358865,0.8833305800808937,1.8
12,30,0.25,0.0,1.0,1.0,3.0,3.15617815,0.0011274149999999,5.508752607,0.01721264,0.0
12,30,0.25,0.25,1.0190095328099833,0.9964086455242334,2.985123239505649,3.0954293102136377,0.0056195511105219,5.341247031490791,0.0409259191725093,0.2096765350877193
12,30,0.25,0.5,1.0374614995458515,0.9937098170128584,2.9699327164076617,3.035956436938449,0.0123358765671652,5.17738705078924,0.066400005972138,0.4046052631578947
12,30,0.25,0.75,1.055374172057592,0.9917760107566764,2.954449718516234,2.977707251228731,0.020995305952383,5.017025809560523,0.0934829857850957,0.5836348684210526
12,30,0.25,1.0,1.072765822195193,0.9904797230464886,2.938695533641561,2.920629474138783,0.0313167538486285,4.860016452469824,0.1220229439975921,0.7456140350877192
12,30,0.25,1.25,1.089654721808642,0.9896934501730958,2.9226914495938403,2.864670826722903,0.043019134838355,4.70621212418232,0.1518679659958367,0.8893914473684211
12,30,0.25,1.5,1.106059142747927,0.9892896884272996,2.9064587541832663,2.8097790300353886,0.0558213635040157,4.555465969363193,0.1828661371660392,1.013815789473684
12,30,0.25,1.75,1.121997356863036,0.9891409340999012,2.8900187352200346,2.755901805130538,0.0694423544280638,4.407631132677625,0.2148655428944091,1.1177357456140349
12,30,0.25,2.0,1.1374876360039563,0.9891196834817012,2.873392680514342,2.70298687306265,0.0836010221929525,4.2625607587907925,0.2477142685671562,1.2
12,30,0.25,2.25,1.1542830605801575,0.9912898934191298,2.853489070737456,2.6495848458510047,0.0999843514537822,4.11997568997561,0.282337254496385,1.2625461566478278
12,30,0.25,2.5,1.1716774581218978,0.9960643552814724,2.8311964935976475,2.596527379127188,0.1199039167758314,3.9809480143732383,0.3194389513366634,1.3124037861485935
12,30,0.25,2.75,1.1860002211603482,1.0008388171438154,2.81250639746062,2.547183759363955,0.1425155176068202,3.84735774545123,0.3585367099878953,1.3560595225750622
12,30,0.25,3.0,1.19358074222668,1.003009027081244,2.8034102306920765,2.50492327303406,0.1669749533944686,3.721084896677137,0.3991478813499847,1.4
12,30,0.25,3.25,1.1963238481884717,1.0028813893827098,2.801326373034992,2.469669280311356,0.1940940761075105,3.603200218487506,0.4416704484227437,1.4521644061230206
12,30,0.25,3.5,1.1985300004045767,1.0025371298355208,2.7996978743378103,2.438321037729681,0.2246547174228713,3.491732972070132,0.4863779358085003,1.5089180561842883
12,30,0.25,3.75,1.2001220431430797,1.002034228762298,2.7985531881244423,2.409711676301768,0.257767646350559,3.384000937019441,0.5326010068109325,1.5593867755673965
12,30,0.25,4.0,1.2010228206720632,1.0014306664856607,2.797920767918797,2.3826743270403528,0.2925436319005812,3.277321892929861,0.579670324733718,1.592696389655936
12,30,0.25,4.25,1.2009665530365958,1.000713687633268,2.7982540933807143,2.356040380006339,0.3284468305807768,3.169214260993332,0.6270314972250024,1.6
12,30,0.25,4.5,1.1979110595254645,0.9992837421304214,2.8036650867718618,2.329556130409248,0.3682568379114632,3.0607015248879668,0.6755053709209342,1.6
12,30,0.25,4.75,1.1925468435645514,0.9977347226553106,2.811376459078518,2.304972109742818,0.4096066885453949,2.9533332909158743,0.724869595394047,1.6
12,30,0.25,5.0,1.1864406779661016,0.9970089730807578,2.8165503489531405,2.284279762452272,0.448484564376797,2.848130939805292,0.7744410195443197,1.6
12,30,0.25,5.25,1.1794879178613789,0.9995651286124254,2.8187191887622984,2.2668548229688006,0.48412535018935,2.7451429625377237,0.8240115042041296,1.608380681817717
12,30,0.25,5.5,1.1707224064070645,1.006488892489394,2.8205103496701938,2.2511445298499315,0.5183200766103181,2.643816667198209,0.873834573076948,1.630681818180579
12,30,0.25,5.75,1.1604186484535304,1.0166632106346123,2.8217283785257328,2.2377475837303877,0.5508911442993013,2.5442716601702955,0.9239195693693938,1.6626420454531508
12,30,0.25,6.0,1.148851148851149,1.0289710289710292,2.822177822177822,2.2272626852448894,0.5816609539159001,2.446627547837529,0.974275836288086,1.7
13,20,0.25,0.0,1.0,1.0,1.0,0.478868205,0.0003778799999999,0.955204807,0.007935722,0.0
13,20,0.25,0.25,1.0046278827577877,0.9965965346534652,0.998389682718272,0.4767600809904116,0.0004004990140097,0.9486489555051384,0.0099484889624125,0.025
13,20,0.25,0.5,1.0094532319085563,0.9933993399339932,0.9961183618361836,0.4744661228867907,0.0004626215979279,0.9408509436106488,0.0134215886151991,0.05
13,20,0.25,0.75,1.0145024601545518,0.9910272277227722,0.9933126125112512,0.4719783815614199,0.0005556460645872,0.931903500590038,0.0179717239358071,0.075
13,20,0.25,1.0,1.0198019801980196,0.99009900990099,0.99009900990099,0.469288907886582,0.0006709707268206,0.921899355716812,0.0232155979016838,0.1
13,20,0.25,1.25,1.0259327705127812,0.99009900990099,0.9853876012601258,0.4664362399171805,0.000883827375885,0.910904078357276,0.0293917295269851,0.1239483173076923
13,20,0.25,1.5,1.0331136359279076,0.99009900990099,0.978566606660666,0.4634459786798509,0.0012778343408469,0.8988397933558382,0.0370403949864096,0.1463942307692307
13,20,0.25,1.75,1.0408277286785197,0.99009900990099,0.9704798604860484,0.4602907695044742,0.0018569697412529,0.8855840632031615,0.0462309329982184,0.1682391826923077
13,20,0.25,2.0,1.0485582009997363,0.99009900990099,0.9619711971197118,0.4569432577209307,0.0026252116966497,0.8710144503899087,0.0570326822806725,0.1903846153846153
13,20,0.25,2.25,1.0557882051266798,0.99009900990099,0.9538844509450944,0.4533760886591013,0.003586538326584,0.8550085174067427,0.0695149815520331,0.2137319711538461
13,20,0.25,2.5,1.0620008932944696,0.99009900990099,0.9470634563456344,0.4495619076488668,0.0047449277506024,0.8374438267443259,0.0837471695305613,0.2391826923076923
13,20,0.25,2.75,1.066679417738226,0.99009900990099,0.9423520477047704,0.4454733600201077,0.0061043580882517,0.8181979408933215,0.0997985849345181,0.2676382211538461
13,20,0.25,3.0,1.0693069306930694,0.99009900990099,0.9405940594059404,0.441083091102705,0.0076688074590785,0.7971484223443921,0.1177385664821647,0.3
13,20,0.25,3.25,1.070664393203331,0.989502462207561,0.9408230217964466,0.4363021944214042,0.010818688686264,0.7721346011219822,0.1424656166785475,0.3394711538461538
13,20,0.25,3.5,1.071792168717184,0.9879536076108696,0.9414641716027552,0.4309081445173065,0.0164279777622606,0.7415242481142736,0.1768944981173673,0.3873076923076923
13,20,0.25,3.75,1.072562513075514,0.9858136288363089,0.9424489027770522,0.4246731582448259,0.0237409975605213,0.705987587107535,0.2181189396498664,0.4414903846153846
13,20,0.25,4.0,1.0728476821192052,0.9834437086092712,0.9437086092715228,0.4173694524583758,0.032002070954499,0.6661948418880348,0.2632326701272869,0.5
13,20,0.25,4.25,1.0723424313284975,0.9795607971072872,0.9468556264016762,0.4084491521697903,0.0419877251349815,0.6180190976937947,0.3165021801532489,0.5806250000000001
13,20,0.25,4.5,1.0709121626410685,0.974092237527844,0.9526760506371768,0.3975295006548165,0.0548173886264386,0.5602878944015731,0.3801578607498393,0.68
13,20,0.25,4.75,1.068685101583959,0.9692148021262702,0.9598619176614436,0.3846303921637378,0.0702497363028456,0.4981031377557445,0.4482392913960007,0.764375
13,20,0.25,5.0,1.0657894736842106,0.9671052631578948,0.9671052631578948,0.3697717209468381,0.0880434430381783,0.4365667335006832,0.5147860515706757,0.8
13,20,0.25,5.25,1.0574373236845105,0.9703849467418548,0.9742302510945516,0.3518518015236952,0.1103792708661783,0.3728875702518809,0.5842696512102179,0.8
13,20,0.25,5.5,1.0412217870233798,0.97859231411863,0.9820103624321382,0.329935050282223,0.1383796561405894,0.3056751111995077,0.6578574576208516,0.8
13,20,0.25,5.75,1.020842725271612,0.989279840225564,0.9905616083431296,0.3042905142752089,0.1702157852153903,0.2421321239499551,0.7246328363363246,0.8
13,20,0.25,6.0,1.0,1.0,1.0,0.2751872405554403,0.2040588444445596,0.1894613761096148,0.7736791528903851,0.8
13,20,0.25,6.25,0.978703594924812,1.010648202537594,1.010648202537594,0.2405777718014241,0.2403960626669479,0.1463563243630455,0.8090536649095471,0.79140625
13,20,0.25,6.5,0.9547175229741018,1.022641238512949,1.022641238512949,0.1989961218068845,0.2806458665048674,0.1076202183541233,0.8399544057114414,0.7687499999999999
13,20,0.25,6.75,0.9283726895363408,1.0358136552318296,1.0358136552318296,0.1515835442974348,0.3243762389874885,0.0746205151282153,0.8631759043664924,0.73671875
13,20,0.25,7.0,0.8999999999999999,1.0499999999999998,1.0499999999999998,0.0994812929986882,0.3711551631439813,0.0487246717306885,0.8755126899451241,0.7
14,20,0.25,0.0,1.0,1.0,2.0,0.966183205,0.00027589,1.886382607,0.008640617,0.0
14,20,0.25,0.25,1.0122440104093904,0.9907421979239952,1.9967417110587764,0.9546816989343666,0.0003321732766645,1.857994739627314,0.0117998492449083,0.06015625
14,20,0.25,0.5,1.0234906437659157,0.9826331942865972,1.9931506136599189,0.9441042339150936,0.0004822804735982,1.8304209738713624,0.015779478425491,0.1145833333333333
14,20,0.25,0.75,1.033537860946679,0.9763837721659504,1.989262125063856,0.9346335621404604,0.0006980976412117,1.803701639269808,0.0204258227907249,0.16171875
14,20,0.25,1.0,1.0421836228287842,0.9727047146401984,1.9851116625310168,0.9264524358087456,0.0009515108299152,1.7778770653603104,0.0255852005895868,0.2
14,20,0.25,1.25,1.049229785467481,0.9710415991051948,1.980401696659185,0.9198868879315808,0.0012877585360995,1.7542917721132776,0.0313076617836822,0.2288722826086956
14,20,0.25,1.5,1.055191372673011,0.9699997151442248,1.975152698892592,0.9144221248422476,0.0017827202736445,1.7324079650104374,0.0379180380547499,0.2519927536231884
14,20,0.25,1.75,1.0609360969549682,0.9690294141165786,1.9698770877613343,0.9089796587214972,0.0024542436191942,1.7094425018564336,0.0456748202319657,0.274116847826087
14,20,0.25,2.0,1.0673316708229428,0.9675810473815462,1.965087281795512,0.9024810017500832,0.0033201761493926,1.6826122404559092,0.054836499144506,0.3
14,20,0.25,2.25,1.0755133536015855,0.9646341992538018,1.960437019560527,0.8943556506455269,0.0049096185581342,1.650382315449568,0.0661022174074496,0.3305969495091164
14,20,0.25,2.5,1.0854526254728898,0.9599687576799204,1.9554375803971045,0.8849582785960782,0.0076547782417833,1.6135791860507165,0.0798305786501646,0.3635606591865357
14,20,0.25,2.75,1.0962715302324604,0.9542355294670436,1.950387693998324,0.8745981624885792,0.0114281628306881,1.5729616969229,0.0957692652232605,0.3986938990182327
14,20,0.25,3.0,1.107092111675903,0.9480853214223122,1.9455860900572648,0.8635845792098731,0.0161022799551966,1.5292886927296654,0.1136659594773468,0.4357994389901823
14,20,0.25,3.25,1.1170364135988229,0.9421689403528678,1.9413314982670065,0.8522268056468024,0.0215496372456569,1.48331901813456,0.1332683437630331,0.474680049088359
14,20,0.25,3.5,1.1252264797968257,0.9371371930658516,1.937922648320628,0.8408341186862095,0.0276427423324171,1.4358115178011293,0.1543241004309287,0.5151384992987377
14,20,0.25,3.75,1.1307843540655167,0.933640886368405,1.9356582699112093,0.8297157952149373,0.0342541028458253,1.38752503639292,0.1765809118316434,0.5569775596072931
14,20,0.25,4.0,1.1328320802005014,0.9323308270676692,1.93483709273183,0.8191811121198285,0.0412562264162297,1.3392184185734792,0.1997864603157865,0.6
14,20,0.25,4.25,1.1328320802005014,0.9323308270676692,1.93483709273183,0.8094712802728694,0.0499338373815473,1.290350761062827,0.2257450644517053,0.6494959677419355
14,20,0.25,4.5,1.1328320802005014,0.9323308270676692,1.93483709273183,0.800117440269805,0.0612640200748537,1.2392499492043778,0.2557876105337992,0.7051075268817205
14,20,0.25,4.75,1.1328320802005014,0.9323308270676692,1.93483709273183,0.7903637635831158,0.0746578221192347,1.1849780105967644,0.288951632501756,0.7581653225806453
14,20,0.25,5.0,1.1328320802005014,0.9323308270676692,1.93483709273183,0.7794544216852815,0.089526291137776,1.1265969728386211,0.3242746642952631,0.8
14,20,0.25,5.25,1.130883962476995,0.932876205964256,1.9364269047225,0.7670250683795475,0.1068452264350428,1.0612049440917954,0.3634659822633594,0.834375
14,20,0.25,5.5,1.1258270188470352,0.9343737634857566,1.9402980794372091,0.7532650009503356,0.1274044557497484,0.9893425404265874,0.4070104001878787,0.8666666666666667
14,20,0.25,5.75,1.1188423636214608,0.9366156308797812,1.9451032249900089,0.7382488560918901,0.1503360693562009,0.9152355513043108,0.4521087581577011,0.890625
14,20,0.25,6.0,1.111111111111111,0.9393939393939392,1.9494949494949487,0.7220512704984559,0.1747721575287082,0.843109766186279,0.4959618962617064,0.9
14,20,0.25,6.25,1.10169481054822,0.9444943063459256,1.9532496636146024,0.704349470885134,0.2010673098564529,0.7736569631047774,0.5381094418238016,0.9
14,20,0.25,6.5,1.089280439134611,0.9531790147272362,1.9570416843681515,0.6848928217104767,0.229973180154183,0.7047562799219791,0.5799548909659394,0.9
14,20,0.25,6.75,1.074487253135504,0.9644551942961844,1.960870479404561,0.6638641662839058,0.261217455034554,0.6364145458440298,0.6214948869740688,0.9
14,20,0.25,7.0,1.057934508816121,0.9773299748110832,1.964735516372796,0.6414463479148429,0.2945278211102215,0.5686385900770752,0.6627260731341389,0.9
15,35,0.25,0.0,1.0,1.0,2.0,3.368494065,0.00016401,2.651702607,0.016791889,0.0
15,35,0.25,0.25,1.0286632067648465,0.9950239478643216,1.9785856931231645,3.277398643447245,0.0130124842130286,2.5077702629525347,0.0678715476474082,0.5766021444366853
15,35,0.25,0.5,1.0519432803329625,0.9912845477386936,1.9601118665848325,3.191481329734958,0.0349508909692739,2.367778702900304,0.1211806802959686,1.1108502094972068
15,35,0.25,0.75,1.070321465589717,0.9886051350502512,1.9445522479605408,3.1108113099897547,0.0647773884190135,2.2315906650425825,0.1765477406624301,1.596906642807263
15,35,0.25,1.0,1.0842790074204782,0.9868090452261308,1.9318805648258253,3.0354577703382524,0.1012901347125252,2.09906888757865,0.2338011824635417,2.0289338919925517
15,35,0.25,1.25,1.0942971507106145,0.9857196136934672,1.9220705447562236,2.965489896907068,0.1432872880000867,1.9700761087077847,0.2927694594160524,2.401094404678771
15,35,0.25,1.5,1.1008571403454934,0.9851601758793967,1.9150959153272724,2.900976875822818,0.1895670064319757,1.8444750666292644,0.3532810252367113,2.7075506284916204
15,35,0.25,1.75,1.1044402212104842,0.9849540672110552,1.910930404114508,2.8419878932121194,0.2389274481584701,1.722128499542367,0.4151643336422674,2.942465011056797
15,35,0.25,2.0,1.105527638190955,0.9849246231155778,1.9095477386934672,2.7885921352015903,0.2901667713298475,1.6028991456463704,0.4782478383494696,3.1
15,35,0.25,2.25,1.1003361524375594,0.9878670788750864,1.911802107202158,2.742411152233619,0.3518197667948324,1.4870955721280767,0.5457621946819321,3.20138093575419
15,35,0.25,2.5,1.086918544330958,0.9955117619508532,1.9175839297576664,2.7024431866499627,0.4290537832686651,1.3755300019300316,0.6177741594201234,3.27844972067039
15,35,0.25,2.75,1.0685100876015272,1.0060846460387391,1.9254212819041456,2.6648224624262906,0.5156158157013969,1.2688206568851292,0.6893663384660742,3.3412936452513966
15,35,0.25,3.0,1.0483460559796438,1.0178117048346056,1.9338422391857504,2.6256832035382724,0.6052528590430789,1.1675857588262637,0.7556213377218151,3.4
15,35,0.25,3.25,1.023403860099077,1.0327718472823793,1.943811946769108,2.586894265979832,0.6991126528061566,1.0710029238673002,0.8173943777036338,3.465
15,35,0.25,3.5,0.9907706346537412,1.052778025345755,1.956446889814296,2.549547318925108,0.8006287015284823,0.978451439414307,0.8770611138370203,3.53
15,35,0.25,3.75,0.953846239464232,1.0756572772502488,1.9705021538556444,2.5086108061200907,0.9069766476982172,0.8908520342384842,0.9319848043878084,3.58
15,35,0.25,4.0,0.916030534351145,1.099236641221374,1.984732824427481,2.459053171310773,1.0153321338035226,0.809125437111031,0.9795287076218318,3.6
15,35,0.25,4.25,0.8775018626882226,1.1234726669399204,1.999014461286928,2.3952608147465586,1.1254719504235553,0.7325794898139455,1.0209382187606209,3.6
15,35,0.25,4.5,0.8363131946099096,1.149654650732745,2.014022368804075,2.3167108737098,1.2389657870249542,0.6602157105895898,1.0586038873294927,3.6
15,35,0.25,4.75,0.7926763300778551,1.1776087507944637,2.0297112494327045,2.2260078974959128,1.3556786344271028,0.5924953428997112,1.0916067030499612,3.6
15,35,0.25,5.0,0.7468030690537084,1.207161125319693,2.0460358056265986,2.125756435400312,1.4754754834493842,0.5298796302060558,1.1190276556435397,3.6
16,35,1.0,0.0,1.0,1.0,2.0,3.3350150000000003,0.0015285999999999,2.667222607,0.016274321,0.0
16,35,1.0,0.25,1.0304285283820236,0.9926635529663854,1.9769079186515908,3.2386501787151296,0.0136938802944902,2.520398123386932,0.0616024736089156,0.8449594083629893
16,35,1.0,0.5,1.0569139132819323,0.987143431096826,1.9559426556212407,3.1472132109938125,0.0356224351615685,2.3757634453872427,0.1109545283848158,1.6323917556346383
16,35,1.0,0.75,1.0756190332701985,0.9836656287665728,1.9407153379632285,3.064086658414649,0.0646466448558373,2.234076930212148,0.1644985638554596,2.278628225088968
16,35,1.0,1.0,1.0827067669172932,0.9824561403508772,1.9348370927318288,2.9926530825562403,0.0980988896318992,2.096096935072862,0.2224026585486059,2.7
16,35,1.0,1.25,1.0810014479859962,0.983592337420733,1.935408965567948,2.931836439545865,0.1410991520162657,1.9596205147453167,0.2878652105305591,2.966655653579438
16,35,1.0,1.5,1.076098786865531,0.9868490999348508,1.9370615451127988,2.877309783062528,0.1988904185150392,1.8228368558920949,0.3620648720837251,3.204280364890557
16,35,1.0,1.75,1.0683187270660346,0.9919986848500562,1.9397002729211228,2.8275793210124176,0.2689895753522076,1.6870925135543862,0.4421401030600151,3.4125102259847413
16,35,1.0,2.0,1.0579812120976453,0.9988133491231748,1.9432305905476608,2.7811512613017246,0.3489135087517593,1.5537340427733823,0.5252293633113407,3.5909813289133723
16,35,1.0,2.25,1.0454061854705008,1.007065349711033,1.947557939547156,2.7365318118366377,0.4361791049376824,1.4241079985902731,0.6084711126896128,3.739329765727832
16,35,1.0,2.5,1.0309135906947389,1.0165269435704556,1.952587761474348,2.692227180523346,0.5283032501339651,1.29956093604625,0.689003811046743,3.857191628479501
16,35,1.0,2.75,1.0148233712804973,1.0269703876582688,1.9582254978839784,2.646743575268039,0.6228028305645955,1.181439410182504,0.7639659182346423,3.944203009219763
16,35,1.0,3.0,0.9974554707379136,1.038167938931298,1.9643765903307888,2.598587203976905,0.7171947324535617,1.0710899760402253,0.8304958941052224,4.0
16,35,1.0,3.25,0.9715823223504184,1.0542775480962272,1.9741264755886905,2.5517287595907154,0.8176481680923368,0.9675780764221952,0.8915315808579236,4.03816352739726
16,35,1.0,3.5,0.9332814065059692,1.0776289792080782,1.989078355481996,2.5067578648369677,0.92896485182706,0.8700215381430869,0.9496184124586902,4.070034246575343
16,35,1.0,3.75,0.8878302373714948,1.1052522092461825,2.006914319141052,2.457109122301945,1.0466104229637192,0.7798454922619286,1.0013062364091885,4.091887842465754
16,35,1.0,4.0,0.8405063291139241,1.1341772151898737,2.0253164556962022,2.3962171345719305,1.166050520808302,0.6984750698377482,1.0431449002110846,4.1
16,35,1.0,4.25,0.7910547445002961,1.1646527973354668,2.044290976448917,2.3160464958374183,1.286814035764963,0.6244099041185743,1.0775086910372838,4.08515625
16,35,1.0,4.5,0.736114757311497,1.1986372970961734,2.065246628512045,2.2154627947734,1.411349268208472,0.5558315004688926,1.1079995204210484,4.043749999999999
16,35,1.0,4.75,0.6763051982352264,1.23572500312667,2.087969304732997,2.098252125692904,1.5395009724007462,0.4936877981224175,1.133008672404582,3.98046875
16,35,1.0,5.0,0.6122448979591837,1.2755102040816326,2.1122448979591835,1.96820058290896,1.6711139026036996,0.4389267363128635,1.150927431030088,3.9
17,35,0.5,0.0,1.0,1.0,2.0,3.2539506250000003,0.000280395,2.667222607,0.015886347,0.0
17,35,0.5,0.25,1.025600464880032,0.9966658775252526,1.979284141124587,3.17715302524426,0.0083537141393949,2.529859371026396,0.0665770786368468,0.5515153143059712
17,35,0.5,0.5,1.0460817591558165,0.9941603535353536,1.9620361488221103,3.1035621167082343,0.0273159783083403,2.393524326741057,0.1206725596388182,1.0682635452067213
17,35,0.5,0.75,1.0619696354842787,0.992365056818182,1.948038496773873,3.033102209933437,0.0556401902745279,2.258160511237475,0.1778791814041263,1.5495546180754365
17,35,0.5,1.0,1.073789846522342,0.991161616161616,1.93707365866118,2.965697615461382,0.0917993528056497,2.1237109616091407,0.2379033353309832,1.994698458285303
17,35,0.5,1.25,1.082068144926931,0.9904316603535354,1.928924108165334,2.9012726438335847,0.1342664686693973,1.9901187149495436,0.300451412817601,2.403004991209506
17,35,0.5,1.5,1.0873302833549692,0.9900568181818182,1.923372318967639,2.8397516055915597,0.1815145406334627,1.8573268083521748,0.3652298052621919,2.7737841422212326
17,35,0.5,1.75,1.0901020144633813,0.9899187184343436,1.9202007647494,2.7810588112768206,0.2320165714655377,1.725278278910525,0.4319449040629677,3.1063458366936683
17,35,0.5,2.0,1.090909090909091,0.98989898989899,1.9191919191919191,2.725118571430882,0.2842455639333141,1.5939161637180852,0.5003031006181409,3.4
17,35,0.5,2.25,1.0862986239871195,0.9916170497707656,1.9222496071753088,2.672665777172202,0.3475553544124411,1.4618870832943265,0.5743819167089552,3.672286960563546
17,35,0.5,2.5,1.0739114062244373,0.996378132131738,1.9301297108401017,2.6239298697231024,0.4291107156567147,1.3302471885098723,0.6545028703168211,3.920275072427807
17,35,0.5,2.75,1.0559137121258912,1.0035925911003754,1.940892789758232,2.578076984780896,0.5241010550010475,1.2025538119849413,0.7347383471401993,4.112566299396236
17,35,0.5,3.0,1.03308319731295,1.0137641955855907,1.9529606305632887,2.534764615428543,0.6287224745807226,1.082034436171883,0.8098479860016712,4.22151852789757
17,35,0.5,3.25,0.9843364809055256,1.0442387988079282,1.97098904809728,2.500149505682719,0.7558360223307485,0.965582220969708,0.8865777875458852,4.295766389795487
17,35,0.5,3.5,0.9146674442464596,1.0909353400240451,1.9941660461116884,2.468188722756251,0.901361064659586,0.8535400416754207,0.961573440797787,4.354640346798589
17,35,0.5,3.75,0.8408836962132843,1.1403459540426226,2.018789895456621,2.428244745560077,1.0529261628201514,0.7486743819472133,1.0260249349738524,4.391264616682338
17,35,0.5,4.0,0.7791537885211314,1.1795483383930931,2.041251398192446,2.368085076861389,1.19910097913152,0.6537166968696283,1.0720540110823171,4.4
17,35,0.5,4.25,0.7279274247688448,1.2108277348946364,2.061220947245506,2.2530481206634154,1.347333238974446,0.5689046063756442,1.1102681127502572,4.4
17,35,0.5,4.5,0.679241799203244,1.2398731468258597,2.081014236621935,2.0848701563003744,1.4971649985709237,0.4904632207109728,1.1429550810318363,4.4
17,35,0.5,4.75,0.6280040442059941,1.2693992827192928,2.1027707376976466,1.879755273671928,1.641493464120693,0.4142646099743461,1.1657552685769188,4.4
17,35,0.5,5.0,0.5682229317011348,1.302683876560042,2.12904648075199,1.6453376221550051,1.7749714802842953,0.3354223598802838,1.1749118626227142,4.394023529352706
17,35,0.5,5.25,0.4851563110951802,1.3485743613348815,2.166819860339148,1.265242999248149,1.9186714264095277,0.2419162802386794,1.1789792388206912,4.277100735051309
17,35,0.5,5.5,0.3938972253137024,1.3974247233199657,2.210111869106953,0.8102627300650449,2.057763866992439,0.1475281939729888,1.1819732981361957,4.044699999633001
17,35,0.5,5.75,0.3189888343162713,1.4336949005518485,2.2486838236109525,0.4277534698531146,2.162074456193585,0.0741039854263879,1.183726765833231,3.741490440744839
17,35,0.5,6.0,0.2829009497004341,1.443298969072165,2.2731131138278133,0.253423968593978,2.204487335518881,0.0414294204328402,1.1840119758124878,3.404974291430475
17,35,0.5,6.25,0.2634358313800919,1.443298969072165,2.291289731706777,0.1688603993463625,2.222514284926378,0.0254548057798147,1.1816573724330086,2.937111546109691
17,35,0.5,6.5,0.2484140689795618,1.443298969072165,2.306514554560656,0.1042757729153225,2.2358507708142383,0.0134002516268735,1.1766419817599612,2.319837036130083
17,35,0.5,6.75,0.2392641932496759,1.443298969072165,2.316642314362971,0.0652642638864567,2.243695110233252,0.0061903461247682,1.169460908347584,1.5884448791387111
17,35,0.5,7.0,0.237414734941266,1.443298969072165,2.3195277430872454,0.0574200468453636,2.245245620234208,0.0047496774242506,1.1606092567501145,0.7782291927826325
18,30,0.25,0.0,1.0,1.0,2.0,0.932604,0.0062,1.859702607,0.008278484,0.0
18,30,0.25,0.25,1.01359375,0.991015625,1.995390625,0.9244084712536706,0.00807694514239,1.829702859370724,0.0148778331617064,0.2467329545454545
18,30,0.25,0.5,1.0229166666666667,0.9847916666666666,1.9922916666666668,0.913118417659136,0.0131391864805305,1.78592842251613,0.0309614205370429,0.4829545454545455
18,30,0.25,0.75,1.02828125,0.981171875,1.990546875,0.899290098597731,0.0205338328808766,1.7312271765751115,0.0534529090035112,0.7026988636363637
18,30,0.25,1.0,1.03,0.98,1.99,0.8834797734507901,0.0294079932098837,1.6684470016865631,0.079275961438613,0.9
18,30,0.25,1.25,1.026768465909091,0.9820353618421052,1.9912019230769231,0.8662477002670207,0.0435690975002968,1.5899540898025395,0.1161423247763843,1.0925071022727275
18,30,0.25,1.5,1.017670454545455,0.987781954887218,1.994567307692308,0.8471982646314864,0.066742610491205,1.489222088743756,0.1708728472714102,1.294602272727273
18,30,0.25,1.75,1.003600852272727,0.9967005404135338,1.999735576923077,0.8254539172300561,0.0979526931085789,1.3707600624520992,0.2390548437820156,1.4954190340909093
18,30,0.25,2.0,0.9854545454545454,1.008251879699248,2.006346153846154,0.8001371087485989,0.1362235062783892,1.2390770748694548,0.3162756291665254,1.6840909090909093
18,30,0.25,2.25,0.9641264204545454,1.0218967340225564,2.014038461538462,0.7703702898729837,0.1805792109266066,1.0986821899377088,0.3981225182832646,1.849751420454545
18,30,0.25,2.5,0.9405113636363636,1.0370958646616542,2.0224519230769227,0.7352759112890794,0.2300439679792018,0.9540844715987468,0.4801828259905581,1.981534090909091
18,30,0.25,2.75,0.9155042613636364,1.053310032894737,2.0312259615384614,0.6939764236827549,0.2836419383621457,0.8097929837944546,0.5580438671467309,2.068572443181819
18,30,0.25,3.0,0.8899999999999999,1.07,2.04,0.6455942777398792,0.3403972830014088,0.6703167904667188,0.627292956610108,2.1
18,30,0.25,3.25,0.8545760489510488,1.0939938810494547,2.051401879370629,0.5476518773971408,0.4252262434426149,0.5149489536970754,0.6966852643835497,2.0945478723404256
18,30,0.25,3.5,0.8076573426573427,1.1264022291644604,2.065917832167832,0.3925883313124614,0.5404960615917788,0.3430177221911902,0.7688504330451411,2.077127659574468
18,30,0.25,3.75,0.761909965034965,1.158109462697236,2.0799748688811186,0.2319011472535599,0.6514073989154576,0.1890849398271423,0.830187486316043,2.046143617021277
18,30,0.25,4.0,0.73,1.18,2.09,0.1170878329881551,0.7231609168802091,0.0877124504830111,0.8670954479174172,2.0
18,30,0.25,4.25,0.711474358974359,1.192444248826291,2.0960795454545456,0.0504410159060292,0.7597962387399478,0.0304702140285275,0.8853032486944444,1.417686170212766
18,30,0.25,4.5,0.7,1.2,2.1,0.006211942123323,0.7787130337613948,7.730852465212545e-05,0.893431170967973,0.3
