-0.075010,-0.029630,0.007464,-0.060218,-0.014398,0.038450,-0.045993,-0.043359,-0.021016,-0.021324,0.030709,0.035239,0.097079,-0.068938,0.010995,0.019619
-0.092218,-0.069013,0.024354,-0.077221,-0.015578,-0.065914,0.021121,0.087203,0.097073,-0.018456,-0.042478,0.034124,0.060322,0.045677,-0.016000,0.083332
-0.085924,0.041749,-0.096499,-0.072029,-0.019177,0.098926,0.086368,0.077878,-0.056590,-0.059451,-0.065404,-0.030538,0.079645,-0.068413,0.068945,0.077190
-0.034370,-0.070785,-0.070449,0.052609,-0.052838,0.018434,-0.004483,0.065434,0.019148,0.099475,0.095363,-0.047288,0.078363,-0.067939,-0.044638,-0.057214
0.029046,0.066047,-0.068017,0.017429,0.092195,-0.082273,-0.000003,-0.063501,-0.016644,0.037362,-0.091800,0.041028,0.089874,0.082526,-0.035840,0.001854
-0.045070,-0.012043,-0.051480,-0.014372,0.098737,0.065609,-0.022707,-0.017158,0.059824,0.090466,-0.063596,-0.045973,-0.069956,-0.060414,0.036519,-0.058383
0.060964,0.021151,0.087052,0.086328,-0.067516,0.056945,-0.025426,-0.009107,-0.064556,0.042938,0.098800,0.040181,-0.072825,0.031438,-0.054236,0.059243
0.075027,-0.041152,-0.006791,0.000576,-0.068946,0.063402,-0.088906,-0.019311,-0.098275,0.032080,0.039598,-0.050606,-0.022559,-0.055134,-0.051870,-0.076530
-0.004506,0.046365,0.055585,-0.077622,-0.053833,0.076327,0.023473,0.025730,-0.026340,0.082523,-0.068627,0.096739,0.034569,-0.038857,-0.077086,-0.082757
0.023618,0.047924,0.052165,-0.056161,-0.017583,0.048000,-0.090907,0.049943,0.098298,0.087599,-0.089896,0.080199,-0.099657,-0.041712,-0.069670,-0.030844
-0.081593,-0.028860,-0.024142,0.068136,-0.021187,-0.029446,-0.084308,-0.032203,0.046971,0.083618,-0.039532,-0.086641,0.008314,-0.011060,0.077517,0.095555
0.022075,0.066199,-0.095053,-0.034321,0.056155,-0.047872,-0.057746,-0.016349,-0.043160,-0.064881,-0.026204,-0.041291,-0.062149,-0.084127,0.054059,-0.048348
-0.066620,-0.037928,-0.002087,-0.020635,0.022600,0.088952,-0.061660,-0.090225,0.051391,0.067924,0.075355,-0.023022,-0.027992,0.055054,-0.085963,-0.088885
0.051364,-0.036233,-0.061447,-0.004657,-0.064294,0.037750,-0.042335,0.025464,-0.051474,0.004395,0.044428,0.049630,-0.074085,0.074747,0.033950,0.039559
0.023100,-0.039956,0.071073,-0.006033,-0.002418,-0.004608,0.094320,0.001967,-0.075861,0.066847,0.003514,0.080180,-0.004434,-0.011118,-0.024581,-0.018902
-0.064483,-0.077245,-0.015838,0.068870,0.089608,-0.060790,0.080994,-0.072020,-0.082817,-0.021508,0.084168,0.034968,-0.007995,-0.034773,-0.056600,-0.061542
-0.031760,0.053904,0.010464,-0.002803,0.057051,-0.018091,-0.071625,0.090500,-0.087434,-0.028861,-0.092916,-0.056418,0.083829,-0.077541,0.096524,0.039271
-0.041856,-0.097577,0.043806,-0.090958,-0.007604,-0.033218,0.073641,0.036299,-0.055774,0.015698,0.079473,0.066357,-0.032218,-0.043453,0.019517,0.082837
0.004624,0.085336,-0.057724,-0.093930,-0.081725,-0.082541,0.014009,0.047483,0.046846,-0.077831,-0.006086,0.052926,0.082420,-0.094283,-0.008383,-0.085211
-0.035663,0.019306,-0.003135,-0.036407,-0.062266,0.028034,-0.044444,-0.019848,0.054255,-0.025844,0.068480,0.038262,-0.031399,-0.053135,-0.091660,-0.035836
0.052082,0.022488,-0.066308,-0.088543,0.009245,0.018664,-0.080217,0.035349,0.022712,0.014446,-0.024719,0.062243,0.099547,0.030931,-0.020258,-0.090037
-0.056507,-0.024117,0.099599,0.052534,-0.099197,0.092867,0.037624,-0.054159,0.018720,-0.073446,-0.000993,-0.037186,-0.092801,-0.086836,-0.021421,-0.088775
-0.113097,-0.079711,0.193940,0.058377,-0.154112,0.169963,-0.053410,0.034695,0.060857,-0.097251,-0.028495,-0.039763,-0.106580,-0.101649,0.066060,-0.112181
-0.051606,-0.170874,0.293270,0.076992,-0.251449,0.263442,-0.105773,-0.017487,0.082152,-0.196126,-0.074382,-0.051007,-0.018195,-0.159518,0.092528,-0.113840
-0.046181,-0.143634,0.313169,-0.012007,-0.164063,0.285849,-0.103318,-0.031874,0.134018,-0.146176,-0.009467,-0.052770,0.003333,-0.167517,0.080289,-0.131700
-0.132795,-0.242199,0.248429,0.020530,-0.258377,0.249089,-0.037399,-0.090195,0.197694,-0.232519,0.063674,-0.134081,-0.010896,-0.215786,-0.000363,-0.052912
-0.135412,-0.168071,0.394152,-0.086939,-0.221756,0.377840,-0.042223,-0.073281,0.043907,-0.092693,-0.015970,0.022905,0.093512,-0.163371,0.010078,-0.060805
-0.220842,-0.198157,0.491263,-0.138199,-0.284895,0.433967,0.025872,-0.085739,0.023719,-0.109484,-0.078903,0.090251,0.132770,-0.221976,0.006930,0.014107
-0.318114,-0.257604,0.587034,-0.097413,-0.304796,0.463967,0.024015,-0.126725,-0.014762,-0.101159,-0.067819,0.044834,0.047912,-0.156128,0.069942,-0.077159
-0.305499,-0.281938,0.662424,-0.170387,-0.230807,0.424848,0.117294,-0.147047,-0.113866,-0.130210,0.012239,-0.012297,0.113138,-0.092684,0.109052,-0.153112
-0.298195,-0.289184,0.751496,-0.124825,-0.293120,0.517686,0.142008,-0.229085,-0.071649,-0.073718,-0.058710,0.036564,0.055204,-0.057701,0.027574,-0.210517
-0.305033,-0.306960,0.743497,-0.041093,-0.367314,0.471089,0.180140,-0.276463,-0.001026,-0.107865,-0.081900,0.118959,0.045559,-0.129752,-0.024173,-0.218675
-0.210040,-0.228060,0.707803,-0.024964,-0.203876,0.419483,0.162241,-0.248269,0.015452,-0.141402,0.008939,0.125960,-0.000942,-0.129024,-0.022715,-0.208157
-0.280122,-0.226678,0.837758,-0.052205,-0.251554,0.535446,0.062962,-0.130944,-0.106736,0.022768,-0.149468,-0.061236,0.065345,-0.037351,0.040132,-0.121334
-0.184880,-0.309937,0.922456,-0.131820,-0.300807,0.606084,-0.030412,-0.096411,-0.008725,0.111096,-0.074949,-0.099459,0.065295,-0.049191,0.043286,-0.025022
-0.265175,-0.304266,0.983274,-0.213938,-0.234912,0.684368,-0.072938,-0.049582,0.012201,0.178012,-0.028652,-0.024137,0.087410,0.039403,-0.035774,-0.094443
-0.200053,-0.269059,1.072190,-0.263914,-0.315507,0.741436,-0.168746,-0.137444,-0.033299,0.094852,0.058881,-0.029867,0.063298,0.131699,-0.016199,-0.188639
-0.144056,-0.199201,1.127415,-0.296601,-0.334102,0.788393,-0.145845,-0.205002,0.017162,0.031466,0.057515,-0.007803,0.125109,0.069682,-0.043748,-0.128414
-0.104697,-0.247852,1.225985,-0.316707,-0.276947,0.879642,-0.059428,-0.219335,-0.060277,0.108587,-0.034069,-0.084277,0.134969,-0.002601,0.026163,-0.197925
-0.089053,-0.237505,1.169142,-0.291760,-0.359236,0.916777,-0.096268,-0.241054,0.003525,0.013462,-0.027149,-0.129539,0.075719,-0.035123,-0.033178,-0.105295
-0.201088,-0.244581,1.153630,-0.286563,-0.282006,0.967838,0.010890,-0.199891,0.021385,0.168890,0.020753,-0.064503,0.164801,0.089197,0.018603,-0.099478
-0.007387,-0.284979,1.291408,-0.312800,-0.177187,0.853740,-0.123067,-0.287164,-0.066436,0.183057,0.053849,0.000764,0.205146,-0.098940,0.068231,-0.291091
0.000736,-0.268172,1.309363,-0.260404,-0.123097,0.817855,-0.055066,-0.259518,-0.084940,0.118198,0.145859,-0.041309,0.148650,-0.043168,-0.021305,-0.237610
0.070938,-0.214194,1.340057,-0.330455,-0.023982,0.778997,0.009816,-0.200959,-0.176517,0.026529,0.056637,0.022201,0.171191,-0.048465,0.078140,-0.146989
0.115135,-0.310523,1.412657,-0.376163,0.041485,0.779433,-0.021924,-0.163847,-0.261762,0.105052,0.021585,0.017449,0.236966,-0.065295,0.051385,-0.164244
0.080161,-0.307042,1.407959,-0.350179,0.047021,0.694193,0.010242,-0.078512,-0.262012,0.115630,0.059009,-0.030663,0.166775,0.011223,-0.045194,-0.217411
0.187096,-0.222573,1.474388,-0.377372,0.107099,0.679858,-0.007872,-0.218626,-0.241777,0.059429,-0.069134,0.000407,0.220193,-0.162391,-0.027990,-0.157714
0.153899,-0.302904,1.568907,-0.450041,0.172308,0.585259,-0.069948,-0.224147,-0.152011,-0.011107,-0.135523,-0.032731,0.144088,-0.154041,0.022667,-0.083386
0.209353,-0.140078,1.561490,-0.350757,0.134654,0.617786,0.087469,-0.148343,-0.176658,0.008795,-0.034675,0.081749,0.277206,-0.227522,0.002205,-0.242399
0.263659,-0.214018,1.502186,-0.393372,0.198180,0.549393,0.140743,-0.226300,-0.105857,0.064170,-0.090312,0.067574,0.363847,-0.214031,0.041104,-0.305172
0.113252,-0.058219,1.556011,-0.440163,0.213527,0.559069,0.183208,-0.174977,-0.232581,0.061672,-0.122853,0.160269,0.200144,-0.309061,0.061524,-0.278338
0.200577,0.025987,1.474517,-0.505994,0.188391,0.502563,0.176814,-0.251532,-0.291805,0.001121,-0.080362,0.167370,0.100221,-0.341534,-0.036254,-0.333348
0.167915,-0.032280,1.531731,-0.375163,0.132145,0.464187,0.231191,-0.269517,-0.281199,-0.016704,-0.150189,0.209309,0.149827,-0.282612,0.152569,-0.202595
0.162709,-0.115195,1.601319,-0.343474,0.202294,0.574089,0.118039,-0.184066,-0.192093,0.143048,-0.172164,0.153113,0.198526,-0.244225,0.058185,-0.243186
0.150096,-0.026639,1.626269,-0.246928,0.292714,0.672382,0.188442,-0.084877,-0.281743,0.059681,-0.201566,0.231915,0.213901,-0.170199,0.076404,-0.244644
0.070587,-0.126594,1.568325,-0.160970,0.347177,0.757107,0.128594,-0.023107,-0.271856,0.139883,-0.122772,0.136970,0.283121,-0.262168,0.139939,-0.184906
0.126800,0.010675,1.613335,-0.180867,0.296932,0.745633,0.262429,-0.029269,-0.253459,-0.020592,-0.134574,0.330913,0.149840,-0.213556,0.023386,-0.165616
0.118055,-0.033224,1.543536,-0.222199,0.238405,0.730492,0.166346,0.059234,-0.345230,-0.001909,-0.224884,0.394390,0.172380,-0.126470,0.106250,-0.066110
0.038509,0.108141,1.662266,-0.129882,0.224173,0.747557,0.174702,-0.040876,-0.276523,-0.120569,-0.036463,0.369361,0.100013,-0.216682,-0.047298,-0.259289
0.125779,0.094335,1.520963,-0.241853,0.242326,0.842760,0.352029,0.059461,-0.255860,-0.022328,-0.108091,0.235274,0.207231,-0.308295,-0.074602,-0.229196
0.085228,0.103061,1.575402,-0.258229,0.259819,0.762152,0.431306,0.121703,-0.211429,0.034618,-0.047040,0.268450,0.280890,-0.217370,-0.146019,-0.135127
0.095980,0.147994,1.550039,-0.295485,0.194972,0.818205,0.321218,0.146561,-0.238838,0.047958,-0.050018,0.277785,0.291819,-0.395934,-0.127838,-0.262388
0.172453,0.031398,1.430346,-0.237662,0.313564,0.896685,0.440057,0.025152,-0.267011,0.061414,-0.193754,0.327312,0.120325,-0.270619,-0.169679,-0.280936
0.223940,0.163581,1.620797,-0.144967,0.231472,0.940956,0.434043,0.157263,-0.223692,-0.118535,-0.175837,0.207940,0.111541,-0.352008,-0.045483,-0.242889
0.170952,0.185004,1.456426,-0.176665,0.315971,0.924311,0.418780,0.108613,-0.159148,-0.112624,-0.011880,0.138896,0.256515,-0.363709,0.015502,-0.228401
0.043455,0.184235,1.567835,-0.317245,0.303499,0.840688,0.342109,0.046930,-0.297743,0.033345,-0.154055,0.188663,0.221063,-0.381470,-0.109421,-0.143413
0.097602,0.023036,1.566540,-0.286417,0.195474,0.886596,0.445872,0.000977,-0.324619,-0.114142,-0.028747,0.289119,0.186233,-0.214242,-0.154338,-0.287473
0.052548,0.145671,1.581940,-0.233311,0.260806,0.746125,0.290198,0.139186,-0.197776,-0.062983,-0.153466,0.169664,0.170399,-0.323333,-0.138402,-0.177835
0.195332,0.134206,1.576786,-0.196102,0.211031,0.845302,0.368117,0.085567,-0.305778,0.048840,-0.199412,0.228002,0.233846,-0.295872,-0.021612,-0.216658
0.245365,0.169128,1.553715,-0.291100,0.171908,0.787099,0.426824,0.169872,-0.254154,0.141942,-0.147268,0.322087,0.239390,-0.218245,0.038355,-0.133005
0.290050,0.191677,1.545323,-0.271066,0.202291,0.899393,0.363565,0.117300,-0.296582,-0.048624,-0.275780,0.214822,0.311358,-0.225824,0.049301,-0.174675
0.202549,0.147048,1.498184,-0.307417,0.209805,0.911755,0.287926,0.064872,-0.313053,-0.136867,-0.364597,0.307440,0.259564,-0.264350,0.099790,-0.096599
0.252695,0.164067,1.490805,-0.211257,0.156021,0.842386,0.441704,0.028618,-0.316416,-0.012881,-0.206529,0.292149,0.233590,-0.299674,0.006663,-0.221134
0.373553,0.118110,1.518323,-0.217892,0.173205,0.899719,0.439117,0.135901,-0.378742,-0.072128,-0.369578,0.118922,0.381532,-0.188696,0.069845,-0.095821
0.215230,0.154361,1.536039,-0.228284,0.144859,0.918636,0.265126,0.138614,-0.351396,-0.104497,-0.323302,0.218437,0.229720,-0.303161,0.073147,-0.195583
0.281608,0.264458,1.609777,-0.172561,0.209867,0.936108,0.317742,0.199406,-0.331007,-0.019110,-0.345863,0.274856,0.410410,-0.245205,-0.005606,-0.082433
0.249830,0.106585,1.595105,-0.198305,0.246314,0.841691,0.344345,0.074678,-0.292043,-0.096481,-0.370952,0.119162,0.227880,-0.272242,0.032925,-0.179471
0.299255,0.237274,1.552152,-0.341211,0.166090,0.979531,0.357354,0.044890,-0.219001,-0.108450,-0.306225,0.284708,0.295388,-0.226689,0.108891,-0.272089
0.219449,0.109561,1.606967,-0.199835,0.288145,0.888225,0.424498,0.073474,-0.232102,-0.106998,-0.299564,0.286101,0.333015,-0.129609,-0.002146,-0.152728
0.239254,0.134846,1.596841,-0.249356,0.268272,0.950701,0.325253,0.093374,-0.212466,-0.045296,-0.328585,0.268680,0.316295,-0.321224,0.111007,-0.113457
0.202479,0.282012,1.546022,-0.283035,0.247751,0.874211,0.377020,0.181508,-0.338310,-0.079513,-0.288402,0.216337,0.368067,-0.242717,0.069089,-0.258692
0.355506,0.099201,1.447738,-0.321078,0.109100,0.834842,0.460329,0.179280,-0.204117,-0.030028,-0.339974,0.218164,0.358638,-0.279343,0.015323,-0.212088
0.318665,0.258982,1.624099,-0.284074,0.286873,0.886022,0.289449,0.156220,-0.262066,0.043249,-0.187376,0.231463,0.215629,-0.257398,0.035978,-0.092148
0.316459,0.284867,1.582004,-0.242587,0.224368,0.950011,0.372250,0.177188,-0.166546,0.013888,-0.183737,0.144325,0.195680,-0.218996,-0.041171,0.003005
0.346151,0.289084,1.663920,-0.360381,0.188305,0.855327,0.348593,0.142367,-0.162286,-0.047167,-0.214370,0.252543,0.197137,-0.192597,-0.049323,-0.168910
0.375199,0.264228,1.566918,-0.210081,0.202766,0.972331,0.345367,0.207503,-0.225899,0.063242,-0.109847,0.327184,0.191808,-0.350530,-0.034059,-0.000470
0.416727,0.307840,1.645372,-0.203322,0.322858,0.882890,0.301528,0.189987,-0.317778,-0.042413,-0.182568,0.287438,0.283000,-0.178299,-0.019963,-0.135880
0.290294,0.327008,1.537715,-0.246507,0.209650,0.945093,0.387426,0.085826,-0.244750,0.050477,-0.224622,0.247451,0.176099,-0.161019,0.115526,-0.167301
0.296652,0.346622,1.639137,-0.326760,0.187743,0.883679,0.338514,0.201559,-0.338389,0.112640,-0.093199,0.157533,0.311880,-0.331650,0.023174,-0.096452
0.299356,0.202038,1.587643,-0.255164,0.335639,0.960866,0.243935,0.200240,-0.204522,0.069557,-0.255956,0.134663,0.190832,-0.284240,0.037912,-0.002236
0.319306,0.351792,1.675196,-0.380434,0.381269,0.860403,0.370856,0.071014,-0.165608,-0.047971,-0.180560,0.327667,0.145319,-0.257855,0.050129,0.002976
0.322415,0.232591,1.641951,-0.218514,0.366247,0.843363,0.339095,0.190107,-0.176416,0.134104,-0.114235,0.171506,0.297957,-0.355299,0.053135,-0.061101
0.338294,0.193537,1.631470,-0.194880,0.306966,0.793767,0.340436,0.105824,-0.259934,0.074192,-0.176015,0.181251,0.134688,-0.263256,0.058834,-0.013363
0.259139,0.185274,1.620434,-0.196234,0.364563,0.878027,0.386703,0.137243,-0.191772,0.107978,-0.125493,0.225802,0.245104,-0.158574,-0.050028,-0.046032
0.394383,0.319055,1.663655,-0.281199,0.242537,0.819249,0.259679,0.225525,-0.189368,-0.032109,-0.273133,0.323165,0.146313,-0.349638,0.101962,-0.032710
0.315857,0.302529,1.712707,-0.187013,0.345733,0.795569,0.376652,0.224911,-0.162496,-0.040749,-0.182518,0.289309,0.248061,-0.232557,0.010709,-0.022608
0.324663,0.324082,1.700561,-0.247646,0.350243,0.883273,0.328905,0.126388,-0.123800,-0.113866,-0.207717,0.353958,0.261290,-0.171500,-0.011804,-0.014765
0.290205,0.354767,1.676811,-0.185969,0.318897,0.863784,0.283065,0.152227,-0.037303,-0.179198,-0.154460,0.348548,0.275713,-0.243375,-0.100012,0.056016
0.395080,0.391509,1.702617,-0.327750,0.399052,0.956719,0.314592,0.189552,-0.223461,-0.204389,-0.222289,0.344280,0.307411,-0.144221,-0.036463,-0.039093
0.294879,0.379949,1.659636,-0.254936,0.289938,0.962195,0.395564,0.184858,-0.033759,-0.151705,-0.284861,0.381896,0.337677,-0.085792,0.007181,0.027314
0.420459,0.393936,1.699049,-0.246848,0.366829,0.833029,0.398124,0.027403,-0.038201,-0.191515,-0.289301,0.274071,0.324715,-0.128334,0.070492,0.035238
0.304042,0.351753,1.711492,-0.202438,0.275752,0.847429,0.422817,0.029740,-0.151308,-0.194421,-0.297197,0.394605,0.213359,-0.142557,-0.015643,0.074166
0.254974,0.317253,1.666904,-0.227617,0.329945,0.940094,0.271302,0.063333,-0.176816,-0.142570,-0.175966,0.447008,0.350140,-0.205620,0.085473,-0.080353
0.382658,0.340326,1.797429,-0.296690,0.333495,0.826301,0.277976,0.183218,-0.130918,-0.084180,-0.302243,0.371154,0.344536,-0.179295,-0.033725,0.027244
0.407582,0.390751,1.613409,-0.345810,0.253391,0.935248,0.260677,0.127591,-0.123242,-0.158471,-0.218611,0.301532,0.267311,-0.092778,-0.069075,0.078482
0.342877,0.238121,1.727873,-0.314603,0.316299,0.811906,0.287106,0.197102,-0.160674,-0.153891,-0.235215,0.359583,0.180438,-0.083189,0.010981,-0.051711
0.397701,0.239161,1.656643,-0.182685,0.399111,0.947107,0.239832,0.186852,-0.107523,-0.016796,-0.200437,0.257609,0.308642,-0.220822,0.083302,-0.066061
0.343503,0.238374,1.640152,-0.186630,0.390695,0.854192,0.297180,0.083627,-0.096456,-0.051392,-0.236154,0.398672,0.304774,-0.264107,0.085136,-0.084855
0.302196,0.386396,1.721355,-0.314664,0.354866,0.837522,0.357106,0.145308,-0.039535,-0.056702,-0.293122,0.264055,0.290416,-0.157987,-0.065379,0.016761
0.341244,0.235407,1.731399,-0.334885,0.282794,0.794489,0.398963,0.096939,-0.036618,-0.053267,-0.198287,0.349253,0.292233,-0.194361,-0.088640,0.073557
0.417597,0.254994,1.665989,-0.279061,0.262046,0.970191,0.358660,0.078684,-0.163998,-0.210784,-0.290081,0.263638,0.177054,-0.089076,-0.017973,-0.102239
0.361345,0.224533,1.673202,-0.344052,0.250832,0.832476,0.292007,0.165476,-0.217718,-0.046888,-0.181741,0.402131,0.302391,-0.111482,0.006909,-0.063026
0.347445,0.289693,1.720476,-0.327858,0.174158,0.808478,0.239873,0.194287,-0.120276,-0.090942,-0.264880,0.418674,0.388579,-0.195008,-0.081101,0.018390
0.436235,0.196318,1.702597,-0.422491,0.349818,0.867369,0.306298,0.264838,-0.195875,-0.017448,-0.195752,0.493400,0.275122,-0.202886,-0.006911,-0.088135
0.334445,0.172389,1.650416,-0.418258,0.288488,0.896470,0.317824,0.090354,-0.132955,-0.030480,-0.198012,0.322862,0.357797,-0.036540,0.088840,-0.097633
0.438095,0.297073,1.592010,-0.331090,0.243828,0.752318,0.233753,0.241103,-0.316596,0.037962,-0.114794,0.335360,0.386614,-0.012106,0.005999,-0.146471
0.319248,0.196257,1.723473,-0.342051,0.349415,0.772895,0.276168,0.205078,-0.139593,-0.080336,-0.251724,0.312902,0.336965,-0.018388,-0.040670,0.029059
0.362201,0.279286,1.767466,-0.358792,0.293381,0.885881,0.201378,0.094976,-0.281318,-0.053229,-0.273907,0.458745,0.253172,-0.119926,-0.016070,-0.122231
0.415238,0.167176,1.735302,-0.267521,0.184949,0.822435,0.389052,0.202272,-0.137067,0.042952,-0.082171,0.421297,0.362446,-0.152735,-0.046805,-0.133941
0.351802,0.238166,1.631558,-0.429412,0.255944,0.742512,0.196828,0.147902,-0.174126,0.023781,-0.204294,0.343704,0.244013,-0.193626,-0.048084,-0.016091
0.378267,0.320562,1.719828,-0.391519,0.194410,0.811348,0.321715,0.199668,-0.309004,0.017969,-0.195928,0.465169,0.329422,-0.028358,-0.010009,-0.133103
0.383691,0.299287,1.609992,-0.303272,0.188197,0.837918,0.325263,0.137995,-0.172714,-0.077397,-0.100683,0.433092,0.386239,-0.099619,-0.036638,-0.140372
0.399452,0.297522,1.695236,-0.321579,0.268288,0.921637,0.345234,0.239454,-0.242720,-0.077504,-0.156734,0.490825,0.332956,-0.100506,0.086031,-0.119199
0.449400,0.309281,1.742491,-0.304351,0.339423,0.749827,0.288495,0.088506,-0.171289,-0.131323,-0.148229,0.434324,0.235293,-0.142802,0.104711,-0.005444
0.461170,0.126528,1.652818,-0.408730,0.243044,0.856104,0.347671,0.261995,-0.278810,-0.125594,-0.226462,0.485845,0.212107,-0.060044,0.081526,-0.122064
0.329901,0.217528,1.639764,-0.251299,0.203962,0.881999,0.221477,0.263427,-0.250586,0.020822,-0.239024,0.418675,0.336174,-0.089997,-0.056044,-0.075875
0.343658,0.144727,1.746416,-0.368128,0.280060,0.891519,0.284123,0.147246,-0.259068,0.050896,-0.146367,0.314223,0.378269,-0.175340,-0.061674,-0.065869
0.397465,0.234530,1.756229,-0.254840,0.301030,0.799543,0.204016,0.176934,-0.184545,-0.123529,-0.129407,0.453205,0.387515,-0.047246,0.085809,-0.054362
0.261889,0.284957,1.681015,-0.428818,0.311921,0.846477,0.251425,0.104412,-0.155723,-0.145459,-0.172633,0.342148,0.243154,-0.188839,0.047008,0.001002
0.272789,0.272945,1.590591,-0.274728,0.291536,0.905679,0.353010,0.263291,-0.249872,-0.092384,-0.253400,0.479814,0.350769,-0.145017,-0.011162,-0.125665
0.300249,0.252816,1.645106,-0.249687,0.218079,0.923598,0.311483,0.254199,-0.193797,-0.002661,-0.127389,0.369041,0.296132,-0.187112,0.082974,-0.115309
0.375355,0.244385,1.629506,-0.418279,0.264304,0.883173,0.246103,0.190664,-0.299892,-0.131387,-0.281414,0.338075,0.332127,-0.017860,0.105274,0.014109
0.365902,0.195082,1.747659,-0.323110,0.328404,0.867638,0.321315,0.163280,-0.277539,-0.144663,-0.175215,0.480746,0.388850,-0.066443,0.084843,-0.110462
0.338750,0.301060,1.608509,-0.428429,0.236264,0.903851,0.212189,0.151966,-0.264104,-0.110180,-0.251411,0.471626,0.333230,-0.026056,0.084052,-0.091951
0.457545,0.228685,1.695204,-0.394853,0.196821,0.899240,0.235894,0.260359,-0.269709,-0.050253,-0.084933,0.476713,0.262371,-0.074806,-0.054976,0.025750
0.442426,0.319477,1.670013,-0.335241,0.282022,0.835982,0.304496,0.207082,-0.173947,-0.043694,-0.257803,0.352972,0.362259,-0.043405,0.083120,-0.079029
0.467942,0.375465,1.684113,-0.379817,0.311766,0.835744,0.392868,0.275949,-0.138213,-0.140026,-0.272647,0.298825,0.270085,-0.058372,0.043882,-0.064065
0.499775,0.325837,1.672172,-0.425520,0.265861,0.739960,0.244465,0.286838,-0.135915,-0.018209,-0.310487,0.324229,0.300320,-0.058386,0.096163,-0.028527
0.418647,0.388187,1.755562,-0.256156,0.313559,0.864201,0.223621,0.200008,-0.240063,-0.132347,-0.326666,0.291822,0.366212,-0.123657,0.077544,0.005305
0.542069,0.356600,1.733429,-0.318889,0.350362,0.868017,0.396694,0.238142,-0.269455,-0.026027,-0.308763,0.431971,0.400388,-0.117289,0.047686,-0.055818
0.356131,0.318685,1.668938,-0.316083,0.370387,0.907964,0.338718,0.174378,-0.090417,0.002954,-0.296623,0.315704,0.374956,-0.018220,0.039014,-0.077706
0.476783,0.244281,1.750259,-0.259363,0.293547,0.823836,0.342555,0.273228,-0.098796,-0.065341,-0.347484,0.284495,0.454044,-0.126605,0.026328,-0.111409
0.423080,0.250030,1.639912,-0.302452,0.220936,0.923962,0.359882,0.230645,-0.193598,0.010629,-0.324016,0.287391,0.289194,-0.038941,0.066064,-0.080614
0.451193,0.391394,1.675820,-0.278133,0.371029,0.818948,0.214639,0.192520,-0.189630,0.040276,-0.278407,0.403534,0.392889,-0.135719,0.169745,-0.165185
0.418837,0.311315,1.608126,-0.306879,0.270854,0.824294,0.209005,0.169099,-0.269537,-0.123587,-0.210896,0.406326,0.452254,-0.039223,0.046462,-0.098343
0.455322,0.231969,1.594627,-0.423114,0.217476,0.797568,0.362479,0.291730,-0.145392,0.037976,-0.318961,0.316445,0.392624,-0.083424,0.146871,0.017698
0.401482,0.280558,1.606899,-0.387201,0.344937,0.792159,0.234725,0.304527,-0.249900,-0.061833,-0.253827,0.401978,0.391034,-0.108812,0.022758,-0.153199
0.428428,0.273422,1.754535,-0.422942,0.313802,0.810240,0.308988,0.192898,-0.087701,-0.099470,-0.296349,0.413537,0.268904,0.031474,0.106208,-0.142667
0.393642,0.336324,1.725305,-0.386249,0.313014,0.757729,0.305847,0.173429,-0.104266,-0.141468,-0.337638,0.303861,0.426745,0.040623,0.165798,-0.056103
0.451733,0.365341,1.698527,-0.379053,0.291647,0.912683,0.378257,0.112769,-0.158868,-0.121497,-0.222864,0.314030,0.292597,-0.000306,0.160008,-0.066321
0.506592,0.381450,1.705640,-0.307688,0.340579,0.909726,0.301222,0.254049,-0.105266,-0.090742,-0.243843,0.429977,0.431366,-0.003506,0.173122,-0.115849
0.513712,0.273077,1.689429,-0.304445,0.211630,0.919824,0.309370,0.260168,-0.211603,0.021800,-0.185146,0.391052,0.318699,-0.035665,0.106863,-0.064471
0.454933,0.367129,1.600418,-0.272047,0.337029,0.786572,0.251573,0.225038,-0.129362,0.007022,-0.264420,0.374866,0.457027,-0.098651,0.072893,-0.115075
0.457023,0.249122,1.672036,-0.267674,0.227965,0.854931,0.253887,0.221643,-0.120503,0.053139,-0.197937,0.298093,0.379524,-0.083363,0.025279,-0.020586
0.419608,0.272164,1.643192,-0.306898,0.358315,0.890051,0.397899,0.187381,-0.244174,0.020931,-0.169947,0.447955,0.350850,-0.100813,0.036013,-0.162237
0.408303,0.222848,1.634519,-0.274459,0.221423,0.843834,0.273319,0.245439,-0.076172,-0.012687,-0.194265,0.448225,0.304382,0.026628,0.043662,-0.005328
0.509202,0.286105,1.749689,-0.253941,0.280931,0.776428,0.214442,0.264220,-0.245815,-0.072144,-0.356126,0.451021,0.392254,-0.029996,0.167310,-0.048541
0.454431,0.415702,1.748700,-0.391649,0.364842,0.906102,0.293399,0.166272,-0.263683,-0.122977,-0.251022,0.290046,0.412520,-0.121033,0.071831,-0.154634
0.379881,0.409640,1.605914,-0.417486,0.193310,0.780735,0.340101,0.254252,-0.115326,-0.080956,-0.333674,0.261694,0.325506,-0.044476,-0.015060,-0.062941
0.486891,0.418422,1.730133,-0.383736,0.289170,0.745582,0.260732,0.134522,-0.101878,0.052456,-0.183179,0.275316,0.285027,0.051938,0.169110,-0.102642
0.529874,0.391263,1.586481,-0.422374,0.378993,0.818940,0.236259,0.302156,-0.075709,0.047174,-0.297023,0.330894,0.430560,-0.086750,-0.013740,-0.176390
0.532403,0.411232,1.733925,-0.402619,0.297435,0.917509,0.320785,0.249975,-0.105527,-0.109035,-0.180607,0.302727,0.460622,-0.062565,0.124025,0.018419
0.580107,0.507455,1.638196,-0.320649,0.332075,0.964559,0.389852,0.254972,-0.198262,-0.041294,-0.227679,0.345272,0.363965,-0.043183,0.027318,0.045787
0.438542,0.332012,1.650150,-0.424603,0.295241,0.831134,0.277998,0.253467,-0.102668,-0.207146,-0.157117,0.266320,0.445482,-0.046049,0.201494,-0.018031
0.445963,0.448574,1.817583,-0.322777,0.216587,1.009607,0.394592,0.260645,-0.076130,-0.017887,-0.224639,0.334365,0.535676,-0.016788,0.167427,0.088057
0.592687,0.410056,1.780116,-0.452998,0.239008,0.872825,0.388537,0.285000,-0.067166,-0.037307,-0.160490,0.263581,0.507060,-0.020409,0.151597,-0.034203
0.592215,0.334305,1.862735,-0.387225,0.178304,0.913451,0.313802,0.325886,-0.054548,-0.100585,-0.220001,0.254917,0.464325,0.035501,0.173848,-0.131816
0.675403,0.406473,1.871197,-0.551642,0.272395,0.958068,0.315515,0.288786,-0.105262,-0.069375,-0.180906,0.293527,0.415464,-0.051307,0.092160,0.020382
0.656059,0.459650,1.787055,-0.417611,0.301799,0.826391,0.445400,0.270001,-0.013683,0.006181,-0.065296,0.344302,0.438513,-0.059886,0.106524,0.059145
0.685616,0.502010,1.787083,-0.421040,0.301931,0.909826,0.361085,0.188799,-0.036960,0.056218,-0.219829,0.352903,0.550718,-0.085064,0.163394,-0.094378
0.578428,0.490867,1.699552,-0.418936,0.222735,0.850824,0.454980,0.235859,-0.144601,0.053200,-0.167926,0.179707,0.473608,-0.003330,0.183168,0.020736
0.494929,0.337710,1.785669,-0.390169,0.305032,0.813679,0.424694,0.188145,0.016398,-0.111581,-0.243219,0.291763,0.531977,0.020297,0.076545,-0.025848
0.609727,0.352935,1.738009,-0.552874,0.215657,0.892407,0.484038,0.333321,-0.059434,0.003583,-0.105388,0.223626,0.548051,0.015045,0.114996,0.020774
0.552605,0.299469,1.703581,-0.613811,0.126230,0.814430,0.403742,0.264080,-0.154778,0.065257,-0.053063,0.174243,0.610316,0.056425,0.109060,0.116672
0.709551,0.262111,1.712480,-0.534747,0.269133,0.979149,0.572211,0.351747,-0.126217,0.048245,-0.164637,0.263602,0.622689,-0.062097,0.131001,0.024705
0.648443,0.285176,1.701763,-0.649123,0.184760,0.890671,0.517946,0.416253,-0.152037,-0.004770,-0.059962,0.137489,0.568796,0.003488,0.076626,0.001414
0.556523,0.394938,1.731277,-0.583090,0.210195,0.928197,0.495161,0.340449,-0.129466,0.093700,-0.200766,0.264417,0.500110,0.087159,0.103347,-0.031267
0.672050,0.400895,1.834213,-0.463750,0.224463,0.974250,0.413582,0.413722,0.009405,-0.004687,-0.005944,0.144003,0.647066,0.090463,0.123413,-0.017016
0.544857,0.270365,1.752007,-0.527717,0.211609,0.829368,0.488895,0.283758,-0.041450,0.072736,-0.008378,0.205535,0.483063,-0.074966,0.068285,-0.057007
0.526348,0.390140,1.714601,-0.644785,0.189154,0.890369,0.411401,0.387500,-0.023851,0.045058,-0.160794,0.240145,0.593944,0.050307,0.148316,0.009643
0.669155,0.286745,1.752129,-0.652185,0.171886,0.815727,0.557852,0.365083,0.013761,0.062889,-0.191895,0.162376,0.460126,-0.068589,0.056487,0.014315
0.658113,0.254566,1.712632,-0.511389,0.126013,0.845118,0.384121,0.417856,0.021985,0.084301,-0.016584,0.321944,0.484391,0.083006,0.021795,0.111018
0.659208,0.383906,1.762641,-0.465117,0.218553,0.961569,0.428624,0.297866,-0.120302,-0.091170,-0.188428,0.286929,0.466305,-0.058122,0.026052,0.079619
0.563488,0.430264,1.833274,-0.629136,0.294743,0.799864,0.579233,0.390884,-0.144158,0.074807,-0.191584,0.135348,0.576428,0.082408,0.173273,0.100029
0.666262,0.336968,1.678285,-0.501261,0.143642,0.797257,0.552300,0.427090,-0.150055,0.018484,-0.138001,0.312211,0.562908,0.036896,0.144255,-0.066489
0.535191,0.297516,1.717600,-0.633500,0.116706,0.911299,0.514856,0.424286,-0.088851,0.002873,-0.176694,0.177947,0.493786,0.105650,0.043701,0.045895
0.664835,0.295755,1.642332,-0.623649,0.150407,0.944740,0.544959,0.360583,0.015067,0.076532,-0.014028,0.202793,0.622441,-0.012824,0.190703,0.106661
0.653462,0.377399,1.756769,-0.545341,0.255191,0.806107,0.452021,0.332616,-0.054599,-0.090151,-0.177847,0.279825,0.645707,0.098246,0.090375,-0.037035
0.608175,0.383487,1.669391,-0.453076,0.307855,0.852940,0.472399,0.414518,-0.083257,0.038753,-0.099479,0.303452,0.472489,0.048464,0.174629,0.089854
0.622703,0.264156,1.800670,-0.571332,0.312317,0.838126,0.393600,0.255462,-0.157846,0.005719,-0.170075,0.270381,0.639339,0.060719,0.068181,0.079650
0.643173,0.379921,1.747707,-0.536862,0.152843,0.910635,0.437347,0.401619,0.005919,-0.077510,-0.102003,0.173808,0.589469,-0.069865,0.133677,-0.052863
0.550033,0.479897,1.816200,-0.558233,0.062225,0.990046,0.529038,0.343113,0.050748,-0.065297,-0.024074,0.101153,0.650375,-0.035078,0.108709,-0.103508
0.595687,0.283602,1.717546,-0.482107,0.207303,0.889611,0.404886,0.393246,-0.046517,0.018384,-0.108081,0.165788,0.659659,0.013013,0.051442,0.033779
0.610525,0.395799,1.665882,-0.558804,0.086268,0.893349,0.390920,0.454858,-0.092985,-0.077958,-0.029274,0.147071,0.570738,-0.156348,0.188690,-0.047947
0.607669,0.436521,1.714982,-0.631637,0.138036,0.965915,0.345938,0.491845,-0.016959,-0.131196,-0.038199,0.107449,0.533290,-0.110854,0.037032,-0.080500
0.617067,0.468217,1.796411,-0.617670,0.198731,0.900514,0.455506,0.487165,-0.067647,-0.101331,-0.027323,0.165092,0.541508,-0.036921,0.041106,0.015671
0.686467,0.319378,1.754403,-0.531795,0.156316,0.986528,0.438875,0.488361,-0.027150,-0.126461,-0.106798,0.254979,0.492783,-0.009505,0.083558,-0.098054
0.701598,0.406977,1.657455,-0.533444,0.148016,0.842536,0.370147,0.430694,-0.034478,-0.036970,-0.074878,0.180755,0.651583,-0.132623,0.080869,0.025748
0.647473,0.331018,1.724330,-0.438967,0.171481,0.986163,0.450998,0.436633,0.057773,0.020825,-0.101921,0.262685,0.568628,-0.168506,0.180389,-0.136702
0.660513,0.416821,1.678072,-0.557118,0.073111,0.994896,0.416823,0.434807,-0.056026,-0.132632,-0.013995,0.083800,0.570245,-0.110129,0.188628,-0.094052
0.718688,0.324180,1.724336,-0.583028,0.221636,0.957494,0.433263,0.420790,0.093408,-0.103048,-0.035921,0.188315,0.509733,-0.013124,0.227365,0.046093
0.630401,0.431740,1.700220,-0.617420,0.171580,0.828192,0.354840,0.431396,0.085349,-0.066761,-0.158395,0.142136,0.563225,-0.090493,0.180853,-0.121178
0.742325,0.440309,1.818891,-0.635967,0.149863,0.982152,0.440078,0.350868,-0.000015,-0.018936,-0.138728,0.191094,0.538919,-0.050449,0.076597,0.044711
0.668259,0.336814,1.781483,-0.476389,0.238749,0.921548,0.377229,0.434111,0.023632,-0.007258,-0.106937,0.179528,0.652497,-0.132009,0.068703,-0.054142
0.701141,0.300224,1.679965,-0.631622,0.180389,0.968592,0.433902,0.324869,0.048152,-0.032982,-0.027143,0.235663,0.498783,-0.100737,0.084616,-0.028583
0.707440,0.361349,1.772739,-0.460366,0.206744,0.971629,0.495577,0.339359,-0.033203,-0.079077,-0.016936,0.176591,0.535245,-0.033902,0.058112,-0.141722
0.595668,0.299822,1.735691,-0.549961,0.133369,0.915199,0.502498,0.408160,0.064322,0.013633,-0.036511,0.113945,0.522343,0.024161,0.035989,0.022704
0.699725,0.386056,1.836915,-0.594727,0.056528,0.899965,0.496661,0.412161,0.056788,-0.141487,-0.196060,0.154445,0.678276,-0.098892,0.147046,-0.140040
0.557832,0.395665,1.844981,-0.632917,0.225998,0.815686,0.529143,0.395449,0.065503,-0.055498,-0.053149,0.085162,0.600570,-0.161133,0.044674,-0.100231
0.734869,0.461921,1.688902,-0.577076,0.216019,0.895160,0.345997,0.435276,0.005554,-0.025928,-0.051046,0.080530,0.680025,-0.118471,0.169271,0.024479
0.715558,0.427496,1.806386,-0.451349,0.172701,0.846857,0.441087,0.389754,0.100741,-0.072510,-0.021320,0.231580,0.654612,-0.050311,0.044634,-0.050912
0.558570,0.440418,1.785676,-0.450096,0.070554,0.938172,0.362814,0.437692,0.090140,0.021805,-0.171260,0.170208,0.502940,-0.144184,0.110798,-0.067350
0.735303,0.444154,1.760579,-0.546314,0.194711,0.883562,0.348568,0.328897,-0.062211,-0.100442,-0.116349,0.122039,0.506481,-0.096772,0.093817,-0.013160
0.662404,0.298300,1.705490,-0.617249,0.130135,0.864963,0.517267,0.326882,0.022830,-0.058575,-0.033297,0.096384,0.665356,-0.148949,0.160440,-0.053248
0.738719,0.468680,1.788484,-0.613800,0.091785,0.933518,0.529904,0.357430,0.001192,-0.167040,-0.152731,0.106227,0.520671,0.024207,0.176295,-0.046341
0.625096,0.302270,1.843845,-0.607454,0.078030,0.946884,0.385525,0.468415,-0.055754,-0.018456,-0.161566,0.133252,0.520701,-0.049642,0.207246,-0.132842
0.633936,0.439128,1.716385,-0.636085,0.090047,0.872247,0.382797,0.413462,0.049311,-0.144312,-0.081906,0.195618,0.619086,-0.015382,0.136068,-0.019626
0.702935,0.330955,1.677551,-0.487803,0.081518,1.000646,0.379181,0.335988,-0.033523,-0.023698,-0.189393,0.198162,0.650705,0.027962,0.109765,-0.149063
0.633211,0.465822,1.734629,-0.441271,0.103163,0.844040,0.502409,0.476573,0.074184,0.009917,-0.015765,0.145798,0.681479,-0.020355,0.233248,-0.143821
0.738207,0.321903,1.725070,-0.631548,0.211943,0.900596,0.483228,0.344820,0.063127,-0.174655,-0.069055,0.079879,0.509524,-0.064596,0.060081,0.044015
0.553475,0.406170,1.749746,-0.630897,0.148314,0.991403,0.445480,0.353851,0.032751,-0.130669,-0.019593,0.122755,0.514587,-0.045418,0.172555,-0.065359
0.737513,0.419973,1.754790,-0.472214,0.111949,0.969302,0.426638,0.373472,0.048278,-0.126756,-0.005716,0.108327,0.644769,-0.085340,0.036714,-0.007496
0.563259,0.417567,1.767916,-0.597694,0.146466,0.955234,0.516664,0.309970,-0.079485,-0.047837,-0.151459,0.223250,0.684715,-0.127114,0.158497,-0.002062
0.593847,0.463164,1.761551,-0.634482,0.187043,1.003874,0.531223,0.468510,0.043625,-0.091720,-0.009106,0.216216,0.492489,-0.122080,0.161646,-0.107428
0.739885,0.310461,1.846570,-0.543135,0.108722,0.850075,0.340425,0.458565,0.105665,-0.158365,-0.014345,0.245535,0.618115,-0.042418,0.065396,-0.138055
0.638166,0.473551,1.703830,-0.558159,0.118636,0.921001,0.414981,0.325963,-0.078575,-0.105927,-0.187824,0.121105,0.530423,-0.118214,0.077031,-0.074221
0.616635,0.416210,1.667303,-0.471814,0.123959,0.857831,0.492193,0.304865,-0.015445,-0.149849,-0.097670,0.202995,0.598219,-0.066658,0.190455,-0.034034
0.659143,0.339572,1.777633,-0.498025,0.114550,0.891212,0.397016,0.451917,0.056818,-0.012368,-0.039342,0.081366,0.624380,0.007630,0.092023,-0.065713
0.613257,0.454378,1.776457,-0.448033,0.250233,0.994031,0.373319,0.355215,-0.064816,-0.109201,-0.172710,0.246992,0.561749,-0.132924,0.114977,0.022056
0.707839,0.471781,1.748752,-0.465814,0.053140,0.811500,0.528790,0.473859,0.063568,-0.146598,-0.188595,0.252742,0.588855,0.024571,0.221433,-0.046702
0.706676,0.398834,1.691217,-0.448655,0.064054,0.821539,0.518752,0.406924,-0.068725,-0.144777,-0.138481,0.079300,0.633132,-0.160162,0.183723,-0.068808
0.696807,0.402664,1.652256,-0.634882,0.076001,0.886019,0.466974,0.344009,0.099255,-0.040158,-0.026360,0.094613,0.539950,-0.159440,0.200571,-0.031954
0.727445,0.332601,1.769082,-0.453644,0.068301,0.904585,0.419446,0.410521,0.012611,-0.121163,-0.128338,0.105272,0.676137,-0.167020,0.044506,-0.111989
0.695784,0.469175,1.677210,-0.535012,0.060212,0.913750,0.449717,0.313419,0.044045,-0.160967,-0.077752,0.224352,0.648263,-0.168306,0.066342,-0.145259
0.649416,0.378019,1.806457,-0.453271,0.164111,0.906878,0.453573,0.344835,-0.053936,-0.057686,-0.055651,0.190469,0.606574,0.019984,0.072959,0.038450
0.718363,0.310382,1.722223,-0.480362,0.074714,0.874259,0.477198,0.321881,-0.091012,-0.176312,-0.052935,0.273088,0.682688,-0.071333,0.064373,-0.017712
0.703504,0.296173,1.742397,-0.490724,0.181639,0.980892,0.409392,0.311630,0.102897,-0.021892,-0.188432,0.081207,0.495987,0.019255,0.134114,-0.131100
0.622604,0.337278,1.847061,-0.592794,0.173801,0.894617,0.449207,0.475663,-0.053575,-0.172911,-0.160050,0.244208,0.574877,-0.138774,0.122833,-0.151919
0.576172,0.383878,1.718540,-0.607377,0.161234,0.818962,0.420418,0.487991,0.060555,-0.140390,-0.075649,0.155787,0.502111,-0.029246,0.173742,0.025917
0.640329,0.450504,1.802800,-0.598832,0.207191,0.844284,0.387748,0.466334,-0.001130,-0.169080,-0.015744,0.139467,0.626696,0.012632,0.146068,-0.053165
0.567838,0.479534,1.658214,-0.624269,0.090707,0.812707,0.502289,0.382348,0.083329,-0.038185,-0.198613,0.196021,0.671508,0.022086,0.203311,-0.009794
0.590264,0.430415,1.787496,-0.626748,0.252312,0.966708,0.526687,0.492404,0.098011,-0.156234,-0.188039,0.237952,0.665703,-0.149389,0.225996,-0.011469
0.605527,0.316199,1.802241,-0.505139,0.093249,0.894021,0.349093,0.487743,-0.068943,-0.155743,-0.090991,0.193663,0.498600,-0.104756,0.224903,0.002426
0.725329,0.409555,1.732820,-0.442895,0.236342,0.988891,0.531006,0.350741,0.095053,-0.174699,-0.198085,0.100465,0.683268,0.022983,0.151051,-0.138483
0.595648,0.360736,1.735466,-0.596921,0.101333,0.884386,0.434391,0.382599,0.013812,-0.139936,-0.115677,0.105432,0.522692,-0.053282,0.105775,-0.029176
0.693028,0.416708,1.676358,-0.581984,0.204478,0.899721,0.416034,0.307643,0.027702,-0.156147,-0.075562,0.209540,0.505094,-0.112402,0.195521,-0.119732
0.727640,0.326893,1.668949,-0.554507,0.159990,0.821259,0.518603,0.426089,-0.042902,-0.087473,-0.148162,0.270401,0.496076,-0.157307,0.223605,-0.126420
0.689153,0.351015,1.689828,-0.470047,0.204606,0.926309,0.528890,0.463971,-0.008882,-0.077343,-0.171055,0.094048,0.686912,-0.060702,0.150392,-0.006423
0.652066,0.312580,1.842605,-0.519456,0.053575,0.828499,0.382086,0.390174,0.051005,-0.158389,-0.004988,0.177822,0.682817,-0.158114,0.221734,0.026852
0.651809,0.460263,1.718344,-0.538866,0.222668,0.983186,0.371928,0.426195,0.104023,-0.119235,-0.097468,0.263813,0.556637,-0.069578,0.111648,0.020857
0.545155,0.436336,1.837088,-0.466003,0.146539,0.940075,0.466387,0.461601,-0.059482,-0.110779,-0.024874,0.110209,0.686863,-0.126861,0.226259,-0.142301
0.634042,0.343844,1.674481,-0.484220,0.103163,0.861300,0.496307,0.305607,0.059014,-0.064825,-0.117112,0.195577,0.559775,-0.014963,0.226150,-0.071233
0.568942,0.336263,1.807546,-0.540796,0.101256,0.814143,0.529171,0.402626,0.066457,-0.167111,-0.192741,0.165293,0.502771,-0.166815,0.140927,0.015808
0.628735,0.346956,1.702652,-0.561925,0.206374,0.829252,0.398240,0.334743,-0.058442,-0.103897,-0.014396,0.215918,0.576193,-0.044129,0.175041,-0.109867
0.622295,0.444226,1.679766,-0.559919,0.251632,0.847382,0.479142,0.314267,0.036047,-0.115494,-0.049332,0.264556,0.687151,0.017085,0.214959,-0.136458
0.654496,0.392029,1.671998,-0.568256,0.093460,0.811078,0.474204,0.476002,0.004191,-0.139508,-0.002711,0.165867,0.492941,-0.079844,0.177448,-0.139339
0.618580,0.299773,1.838039,-0.636613,0.062453,0.826901,0.369247,0.309459,-0.033417,-0.007680,-0.017622,0.171726,0.492952,-0.076657,0.184432,0.045687
0.628295,0.462594,1.833043,-0.594092,0.188884,0.964108,0.486459,0.489964,0.076342,-0.112981,-0.166215,0.263883,0.508005,-0.064608,0.131050,0.005172
