exp,Voltage [V],Temp_F [C],Temp_A [C],Temp_B [C],Electrolyte [M],Ci_LA [M],Ci_K [M],Time [hr],CF_LA [M],CA_LA [M],CB_LA [M],CF_K [M],CA_K [M],CB_K [M],pH_F,pH_A,pH_B,VF_Tank [L],VA_Tank [L],VB_Tank [L],VF_Line [L],VA_Line [L],VB_Line [L],SEC [kWh/kg],Current [A]
0,30,20.9,20.7,21.2,0.25,0.5,1.0,0,0.46792455000000005,-0.00599111,-0.006195,1.0685389,0.00449710688,0.017298273125999998,13.5,10.72,11.54,0.8,0.8,0.8,0.19999999999999996,0.19999999999999996,0.19999999999999996,0.0,0.1
0,30,25.6,25.7,26.2,0.25,0.5,1.0,1,0.43406330000000004,0.028368889999999997,-0.004855345,0.469580449,0.010477322,0.7234712172,13.27,2.96,13.04,0.8,0.8,0.8,0.19999999999999996,0.19999999999999996,0.19999999999999996,2.0112118680691546,1.0
0,30,29.5,29.3,29.9,0.25,0.5,1.0,2,0.31259905000000004,0.1619,-0.002984685,0.30243040000000004,0.019146528,1.05212032,12.53,2.36,13.45,0.8,0.8,0.8,0.19999999999999996,0.19999999999999996,0.19999999999999996,1.3119644626986589,1.7
0,30,26.2,26.1,27,0.25,0.5,1.0,3,-0.004546265,0.41560400000000003,0.0016010850000000012,0.00457141608,0.02147945,1.24842467,10.51,2.17,13.58,0.8,0.8,0.8,0.19999999999999996,0.19999999999999996,0.19999999999999996,0.9095348544485373,0.4
0,30,,,,0.25,0.5,1.0,,,,,,,,,,,,,,0.19999999999999996,0.19999999999999996,0.19999999999999996,,
0,30,,,,0.25,0.5,1.0,,,,,,,,,,,,,,0.19999999999999996,0.19999999999999996,0.19999999999999996,,
0,30,,,,0.25,0.5,1.0,,,,,,,,,,,,,,0.19999999999999996,0.19999999999999996,0.19999999999999996,,
0,30,,,,0.25,0.5,1.0,,,,,,,,,,,,,,0.19999999999999996,0.19999999999999996,0.19999999999999996,,
0,30,,,,0.25,0.5,1.0,,,,,,,,,,,,,,0.19999999999999996,0.19999999999999996,0.19999999999999996,,
0,30,,,,0.25,0.5,1.0,,,,,,,,,,,,,,0.19999999999999996,0.19999999999999996,0.19999999999999996,,
1,20,20.2,19.8,19.6,0.25,0.5,1.0,0,0.46037664000000006,-0.006020435,-0.0060662549999999996,1.0359541,0.0035,0.011473731424,13.49,9.23,10.93,0.8,0.8,0.78,0.19999999999999996,0.19999999999999996,0.21999999999999997,0.0,0.0
1,20,21.1,20.1,20.5,0.25,0.5,1.0,1,0.44715995999999997,-0.005833395,-0.005349545,1.0848421000000001,0.0035,0.025684215,13.45,9.79,12.24,0.82,0.79,0.77,0.19999999999999996,0.19999999999999996,0.21999999999999997,28.90470248492615,0.1
1,20,21.9,21.4,21.1,0.25,0.5,1.0,2,0.43424742,-0.005177045,-0.004383834999999999,1.0305261,0.0035,0.5866557323,13.45,8.91,12.57,0.88,0.76,0.73,0.19999999999999996,0.19999999999999996,0.21999999999999997,16.380189526119302,0.2
1,20,22.3,21.7,21.6,0.25,0.5,1.0,3,0.42352871,-0.0031981549999999994,-0.0034137799999999995,0.9546181,0.0035,0.6371287808,13.38,4.25,12.82,0.89,0.75,0.72,0.19999999999999996,0.19999999999999996,0.21999999999999997,10.878020667969162,0.3
1,20,22.6,22.2,21.9,0.25,0.5,1.0,4,0.40935476500000006,0.007311985000000003,-0.0024794049999999996,0.7763125,0.00705465122,0.7323078307,13.25,3.52,13.04,0.9,0.75,0.71,0.19999999999999996,0.19999999999999996,0.21999999999999997,4.3710031700949,0.4
1,20,21.4,20.9,20.7,0.25,0.5,1.0,6.5,0.27290461000000005,0.11921711,0.0067146950000000006,0.401772609,0.014825888,1.05859568,12.54,2.64,13.49,0.95,0.68,0.78,0.19999999999999996,0.19999999999999996,0.21999999999999997,1.547795197988991,0.8
1,20,,,,0.25,0.5,1.0,,,,,,,,,,,,,,0.19999999999999996,0.19999999999999996,0.21999999999999997,,
1,20,,,,0.25,0.5,1.0,,,,,,,,,,,,,,0.19999999999999996,0.19999999999999996,0.21999999999999997,,
1,20,,,,0.25,0.5,1.0,,,,,,,,,,,,,,0.19999999999999996,0.19999999999999996,0.21999999999999997,,
1,20,,,,0.25,0.5,1.0,,,,,,,,,,,,,,0.19999999999999996,0.19999999999999996,0.21999999999999997,,
2,20,22.6,22.7,23.2,0.25,0.5,1.0,0,0.48894725,-0.0056818599999999995,-0.006195,1.08756,0.0044222748242,0.015311638015999999,13.48,10.81,11.74,0.81,0.8,0.78,0.18999999999999995,0.19999999999999996,0.21999999999999997,0.0,0.1
2,20,24,23.9,24.4,0.25,0.5,1.0,1,0.47136100000000003,0.00344751,-0.005183414999999999,1.0794069000000002,0.0069108432800000005,0.6241443107,13.41,3.97,12.87,0.83,0.79,0.76,0.18999999999999995,0.19999999999999996,0.21999999999999997,2.651417937311619,0.4
2,20,25.2,25.2,25.6,0.25,0.5,1.0,2,0.4442368000000001,0.026209720000000002,-0.0031472749999999997,0.8815696000000002,0.00937557632,0.7877788971999999,13.29,3.3,13.14,0.83,0.79,0.76,0.18999999999999995,0.19999999999999996,0.21999999999999997,1.9791242909154094,0.6
2,20,26.1,26.2,26.7,0.25,0.5,1.0,3,0.3949303,0.08612135,-0.0016196649999999993,0.644229081,0.01248191712,0.96318147,13.01,2.83,13.33,0.79,0.8,0.79,0.18999999999999995,0.19999999999999996,0.21999999999999997,1.2535824105017652,0.8
2,20,26.3,26.5,26.9,0.25,0.5,1.0,4,0.29135155,0.19984555,0.00112956,0.40844088400000006,0.016443127999999998,1.081267,12.41,2.52,13.51,0.74,0.81,0.8,0.18999999999999995,0.19999999999999996,0.21999999999999997,0.8609449417662222,0.9
2,20,24.7,24.2,24.7,0.25,0.5,1.0,5.1,0.10937225000000002,0.33881300000000003,0.010475389999999998,0.240781504,0.017037018,1.1477292300000002,11.62,2.39,13.65,0.72,0.78,0.9,0.18999999999999995,0.19999999999999996,0.21999999999999997,0.0,
2,20,,,,0.25,0.5,1.0,,,,,,,,,,,,,,0.18999999999999995,0.19999999999999996,0.21999999999999997,,
2,20,,,,0.25,0.5,1.0,,,,,,,,,,,,,,0.18999999999999995,0.19999999999999996,0.21999999999999997,,
2,20,,,,0.25,0.5,1.0,,,,,,,,,,,,,,0.18999999999999995,0.19999999999999996,0.21999999999999997,,
2,20,,,,0.25,0.5,1.0,,,,,,,,,,,,,,0.18999999999999995,0.19999999999999996,0.21999999999999997,,
3,10,,,,0.25,0.5,1.0,0,0.4281573500000001,-0.006195,-0.006195,1.0223856000000002,0.0036913560642,0.012162390613999999,13.5,9.97,11.08,0.81,0.81,0.79,0.18999999999999995,0.18999999999999995,0.20999999999999996,0.0,0.0
3,10,,,,0.25,0.5,1.0,1,0.4142726,-0.00533775,-0.00451501,0.979,0.00460326528,0.0271174006,13.51,10.81,12.31,0.85,0.79,0.76,0.18999999999999995,0.18999999999999995,0.20999999999999996,2.878938215894625,0.1
3,10,,,,0.25,0.5,1.0,2,0.40225745000000007,-0.004202745,-0.0031632749999999997,1.0196724999999998,0.00598478048,0.5933820323,13.46,10.96,12.64,0.9,0.79,0.75,0.18999999999999995,0.18999999999999995,0.20999999999999996,3.1188625942743413,0.1
3,10,,,,0.25,0.5,1.0,3,0.39052000000000003,-0.002758035,-0.0021587049999999995,0.9302524,0.0070759585800000005,0.6347239522999999,13.38,10.96,12.82,0.9,0.78,0.73,0.18999999999999995,0.18999999999999995,0.20999999999999996,3.0226079628018216,0.2
3,10,23.5,23.5,24.2,0.25,0.5,1.0,4,0.37917455000000005,-0.0008453949999999997,-0.0014080449999999993,0.8356509000000002,0.0079394445,0.6802782907,13.32,10.87,13,0.95,0.78,0.71,0.18999999999999995,0.18999999999999995,0.20999999999999996,3.3562105459846223,0.2
3,10,23.8,23.9,24.4,0.25,0.5,1.0,19.966666666666665,0.16756175,0.26357535,0.027605015,0.302962324,0.025402298,1.0246107500000001,12.08,2.96,13.49,0.82,0.64,0.88,0.18999999999999995,0.18999999999999995,0.20999999999999996,0.6054611941726177,0.2
3,10,23.2,23.3,23.8,0.25,0.5,1.0,21.383333333333333,0.1394667,0.28104940000000006,0.030824345,0.282754836,0.026823978000000002,1.03755427,12.12,2.95,13.52,0.8,0.62,0.88,0.18999999999999995,0.18999999999999995,0.20999999999999996,0.6058038069766258,0.1
3,10,23.1,23.4,23.8,0.25,0.5,1.0,23.466666666666665,0.11396790000000001,0.30150760000000004,0.037962195000000004,0.26654402499999996,0.029181152,1.0327,11.94,2.96,13.52,0.75,0.61,1,0.18999999999999995,0.18999999999999995,0.20999999999999996,0.6037701876122498,0.1
3,10,,,,0.25,0.5,1.0,,,,,,,,,,,,,,0.18999999999999995,0.18999999999999995,0.20999999999999996,,
3,10,,,,0.25,0.5,1.0,,,,,,,,,,,,,,0.18999999999999995,0.18999999999999995,0.20999999999999996,,
4,20,23.8,23.8,24.3,0.25,0.5,1.0,0,0.41855460000000005,-0.00586945,-0.006195,1.0712556,0.00976580658,0.01476828375,13.49,10.54,11.6,0.81,0.8,0.81,0.18999999999999995,0.19999999999999996,0.18999999999999995,0.0,0.0
4,20,23,23.1,23.6,0.25,0.5,1.0,1,0.40242465000000005,0.0005168049999999995,-0.004449905,1.0495276,0.006633962,0.6257471186999999,13.4,3.86,12.81,0.83,0.8,0.77,0.18999999999999995,0.19999999999999996,0.18999999999999995,3.3414037868845607,0.4
4,20,23.6,23.8,24.3,0.25,0.5,1.0,3,0.30674290000000004,0.06965370000000001,-0.0020462499999999995,0.611484769,0.01215994752,0.93895692,13.05,2.78,13.4,0.82,0.79,0.78,0.18999999999999995,0.19999999999999996,0.18999999999999995,1.4160095729011373,0.7
4,20,24,24.1,24.6,0.25,0.5,1.0,4,0.30595355,0.2109697,-6.209999999999549e-06,0.378576756,0.0157958,1.05697675,12.28,2.45,13.5,0.75,0.81,0.81,0.18999999999999995,0.19999999999999996,0.18999999999999995,0.7540581288576036,0.8
4,20,23.8,23.9,24.4,0.25,0.5,1.0,5,0.09830205000000002,0.39153645000000004,0.007126284999999999,0.229101616,0.018821592,1.19804812,11.26,2.29,13.57,0.68,0.86,0.87,0.18999999999999995,0.19999999999999996,0.18999999999999995,0.5317520020806888,0.8
4,20,23.3,23.4,24,0.25,0.5,1.0,6,-0.0053707849999999994,0.4639632,0.013628190000000002,0.00445995522,0.019363232,1.2305425200000002,10.7,2.3,13.61,0.61,0.9,0.92,0.18999999999999995,0.19999999999999996,0.18999999999999995,0.5087007777720494,0.2
4,20,,,,0.25,0.5,1.0,,,,,,,,,,,,,,0.18999999999999995,0.19999999999999996,0.18999999999999995,,
4,20,,,,0.25,0.5,1.0,,,,,,,,,,,,,,0.18999999999999995,0.19999999999999996,0.18999999999999995,,
4,20,,,,0.25,0.5,1.0,,,,,,,,,,,,,,0.18999999999999995,0.19999999999999996,0.18999999999999995,,
4,20,,,,0.25,0.5,1.0,,,,,,,,,,,,,,0.18999999999999995,0.19999999999999996,0.18999999999999995,,
5,30,25.6,25.7,26.2,0.25,0.5,1.0,0,0.4980800000000001,-0.006195,-0.006195,1.0223856000000002,0.00358480512,0.011217627744,13.51,8.63,10.4,0.83,0.8,0.79,0.17000000000000004,0.19999999999999996,0.20999999999999996,0.0,0.1
5,30,24.9,25.1,25.6,0.25,0.5,1.0,1,0.47424555,0.011972340000000001,-0.003969835,0.9681616000000001,0.00750757032,0.6599011788,13.4,3.31,12.96,0.83,0.8,0.78,0.17000000000000004,0.19999999999999996,0.20999999999999996,2.9636165886355337,0.8
5,30,,,,0.25,0.5,1.0,2,0.392996,0.10748015000000001,-0.0019901749999999994,0.580378441,0.01276107392,0.9583354799999999,12.97,2.64,13.41,0.79,0.81,0.79,0.17000000000000004,0.19999999999999996,0.20999999999999996,1.5841650240722251,1.5
5,30,,,,0.25,0.5,1.0,4,-0.00600336,0.4482619,0.008697385000000002,0.00393473448,0.01958,1.2370442799999999,10.72,2.25,13.71,0.6,0.9,0.89,0.17000000000000004,0.19999999999999996,0.20999999999999996,0.7989549121799023,0.2
5,30,,,,0.25,0.5,1.0,5,-0.006195,0.44310055000000004,0.015066010000000001,0.0038742796872,0.019254872,1.19967227,11.01,2.94,13.67,0.56,0.9,1,0.17000000000000004,0.19999999999999996,0.20999999999999996,0.8527499262899318,0.2
5,30,,,,0.25,0.5,1.0,,,,,,,,,,,,,,0.17000000000000004,0.19999999999999996,0.20999999999999996,,
5,30,,,,0.25,0.5,1.0,,,,,,,,,,,,,,0.17000000000000004,0.19999999999999996,0.20999999999999996,,
5,30,,,,0.25,0.5,1.0,,,,,,,,,,,,,,0.17000000000000004,0.19999999999999996,0.20999999999999996,,
5,30,,,,0.25,0.5,1.0,,,,,,,,,,,,,,0.17000000000000004,0.19999999999999996,0.20999999999999996,,
5,30,,,,0.25,0.5,1.0,,,,,,,,,,,,,,0.17000000000000004,0.19999999999999996,0.20999999999999996,,
6,30,22.7,22.7,23.2,0.25,1.0,2.0,0,0.9865815000000001,-0.00499074,-0.006195,1.93975,0.005995418,0.018520853599999998,13.83,11.12,11.93,0.82,0.81,0.82,0.18000000000000005,0.18999999999999995,0.18000000000000005,0.0,0.1
6,30,21.1,21.4,21.8,0.25,1.0,2.0,1,0.9369805000000001,0.025803545,-0.0037941999999999997,1.6103461,0.00922595552,0.7742663211999999,13.74,3.37,13.25,0.82,0.8,0.79,0.18000000000000005,0.18999999999999995,0.18000000000000005,2.905315409071626,1.1
6,30,21.6,21.8,22.2,0.25,1.0,2.0,1.6666666666666665,0.902022,0.07617725000000002,-0.0021561749999999998,1.3494096,0.01188102368,0.9987352299999999,13.67,2.99,13.56,0.82,0.8,0.79,0.18000000000000005,0.18999999999999995,0.18000000000000005,2.2412468729866135,1.4
6,30,23.3,23.3,23.8,0.25,1.0,2.0,4,0.4620494,0.5640235,0.010616820000000003,0.00910841832,0.02147945,1.6650003199999999,12.12,2.23,13.89,0.56,0.93,0.96,0.18000000000000005,0.18999999999999995,0.18000000000000005,1.0066196663757132,1.9
6,30,21.9,21.9,22.5,0.25,1.0,2.0,5,-0.004290174999999999,0.8324100000000001,0.021000355000000002,0.00500681312,0.020556248,1.7964947199999997,10.91,2.11,13.93,0.4,1,1,0.18000000000000005,0.18999999999999995,0.18000000000000005,0.8384448240545026,1.0
6,30,,,,0.25,1.0,2.0,,,,,,,,,,,,,,0.18000000000000005,0.18999999999999995,0.18000000000000005,,
6,30,,,,0.25,1.0,2.0,,,,,,,,,,,,,,0.18000000000000005,0.18999999999999995,0.18000000000000005,,
6,30,,,,0.25,1.0,2.0,,,,,,,,,,,,,,0.18000000000000005,0.18999999999999995,0.18000000000000005,,
6,30,,,,0.25,1.0,2.0,,,,,,,,,,,,,,0.18000000000000005,0.18999999999999995,0.18000000000000005,,
6,30,,,,0.25,1.0,2.0,,,,,,,,,,,,,,0.18000000000000005,0.18999999999999995,0.18000000000000005,,
7,30,20.7,20.9,21.3,0.25,1.0,2.0,0,0.9145090000000001,-0.006195,-0.006195,1.8897424000000003,0.003605106864578,0.01303441935,13.97,6.55,11.48,0.82,0.8,1.8,0.18000000000000005,0.19999999999999996,-0.8,0.0,0.1
7,30,19.8,19.9,20.5,0.25,1.0,2.0,1,0.9325100000000001,0.003437110000000001,-0.0040351499999999995,1.5965676000000002,0.00625608722,0.6590991283,13.95,3.95,12.97,0.86,0.79,1.78,0.18000000000000005,0.19999999999999996,-0.8,5.484457959186202,0.7
7,30,20.9,21.1,21.4,0.25,1.0,2.0,2,0.8918695,0.04111564000000001,-0.0025066499999999996,1.4343588999999999,0.00958402898,0.86314075,13.76,3.17,13.44,0.88,0.78,1.77,0.18000000000000005,0.19999999999999996,-0.8,3.3909083185382225,1.2
7,30,22.1,22.3,22.7,0.25,1.0,2.0,3,0.8220870000000001,0.1348432,-0.00021439999999999914,1.0685389,0.01338957218,1.0505016299999999,13.6,2.77,13.69,0.83,0.79,1.78,0.18000000000000005,0.19999999999999996,-0.8,2.269550678163214,1.7
7,30,23.3,23.4,23.8,0.25,1.0,2.0,4,0.67462,0.33685705,0.00429807,0.6874863999999999,0.017685450000000002,1.34772108,13.04,2.45,13.85,0.73,0.83,1.82,0.18000000000000005,0.19999999999999996,-0.8,1.4737416209630483,2.0
7,30,21.9,21.2,21.2,0.25,1.0,2.0,6,-0.0059644799999999994,0.8274965000000001,0.020059005,0.0044127223682,0.020284938,1.619068,10.92,2.13,13.97,0.45,1.1,2.1,0.18000000000000005,0.19999999999999996,-0.8,0.7967273478804427,0.3
7,30,,,,0.25,1.0,2.0,,,,,,,,,,,,,,0.18000000000000005,0.19999999999999996,-0.8,,
7,30,,,,0.25,1.0,2.0,,,,,,,,,,,,,,0.18000000000000005,0.19999999999999996,-0.8,,
7,30,,,,0.25,1.0,2.0,,,,,,,,,,,,,,0.18000000000000005,0.19999999999999996,-0.8,,
7,30,,,,0.25,1.0,2.0,,,,,,,,,,,,,,0.18000000000000005,0.19999999999999996,-0.8,,
8,30,21.9,21.4,22,0.25,1.0,2.0,0,0.965021,-0.006195,-0.006195,1.9981741000000002,0.003595459487202,0.01345151135,13.91,5.74,11.56,0.81,0.81,1.86,0.18999999999999995,0.18999999999999995,-0.8600000000000001,0.0,0.1
8,30,20.8,20.8,21.3,0.25,1.0,2.0,1,0.915156,0.012955675,-0.0030572449999999997,1.7124624000000002,0.00814214258,0.7106212011999999,13.85,3.63,13.13,0.85,0.78,1.8,0.18999999999999995,0.18999999999999995,-0.8600000000000001,2.8055848083236437,0.7
8,30,22.6,22.6,23,0.25,1.0,2.0,2,0.8565825000000001,0.09022505,-0.0010251549999999998,1.3357260999999998,0.012863100499999999,1.00843675,13.6,2.94,13.43,0.81,0.78,1.81,0.18999999999999995,0.18999999999999995,-0.8600000000000001,1.6821268479564482,1.2
8,30,23.9,24,24.5,0.25,1.0,2.0,3,0.754032,0.2444703,0.0019006200000000013,0.9437869,0.017469242,1.20616947,13.21,2.57,13.61,0.73,0.78,1.85,0.18999999999999995,0.18999999999999995,-0.8600000000000001,1.3028868448552575,1.7
8,30,24.2,24.2,24.8,0.25,1.0,2.0,3.5,0.6406685000000001,0.38285115000000003,0.004782185,0.65524,0.019905271999999998,1.33631507,12.77,2.39,13.73,0.68,0.8,1.89,0.18999999999999995,0.18999999999999995,-0.8600000000000001,1.0763563172643682,1.8
8,30,24.3,24.1,24.7,0.25,1.0,2.0,4,0.44065315000000005,0.5599660000000001,0.008459675,0.45088036899999995,0.01958,1.44887408,11.89,2.27,13.83,0.56,0.89,1.91,0.18999999999999995,0.18999999999999995,-0.8600000000000001,0.8518802493170097,2.0
8,30,24.2,24.2,24.7,0.25,1.0,2.0,4.5,0.1753536,0.73623,0.013488785,0.288603184,0.020990552,1.53552643,11.39,2.15,13.78,0.49,0.92,1.96,0.18999999999999995,0.18999999999999995,-0.8600000000000001,0.7635323658769122,1.9
8,30,22.7,22.8,23.3,0.25,1.0,2.0,5,-0.004823404999999999,0.8210430000000001,0.019655930000000002,0.004481184500000001,0.020501978,1.5649938699999997,11.16,2.18,13.79,0.41,0.93,2,0.18999999999999995,0.18999999999999995,-0.8600000000000001,0.7930346095964014,1.9
8,30,,,,0.25,1.0,2.0,,,,,,,,,,,,,,0.18999999999999995,0.18999999999999995,-0.8600000000000001,,
8,30,,,,0.25,1.0,2.0,,,,,,,,,,,,,,0.18999999999999995,0.18999999999999995,-0.8600000000000001,,
9,30,21.6,21.7,22.1,0.25,0.5,1.0,0,0.48327375000000006,-0.0057668649999999995,-0.005968289999999999,1.0902781,0.00376505,0.01396513375,13.57,5.26,11.54,0.8,0.81,0.82,0.19999999999999996,0.18999999999999995,1.1800000000000002,0.0,0.1
9,30,19.5,19.7,20.1,0.25,0.5,1.0,1,0.466157345,0.002378260000000001,-0.0035567599999999995,1.0712556,0.00613372032,0.6303956011999999,13.56,3.74,12.98,0.79,0.79,0.84,0.19999999999999996,0.18999999999999995,1.1800000000000002,5.232409078533273,0.6
9,30,20.2,20.3,20.6,0.25,0.5,1.0,2,0.4330081250000001,0.040998190000000004,-0.000605689999999999,0.7466796,0.00916184192,0.8223839426999999,13.33,3.08,13.36,0.79,0.79,0.81,0.19999999999999996,0.18999999999999995,1.1800000000000002,2.905477988354267,1.0
9,30,21.3,21.3,21.7,0.25,0.5,1.0,3,0.32358773500000004,0.168370135,0.00037209000000000027,0.388439809,0.014169240080000001,1.05373907,12.15,2.63,13.63,0.83,0.81,0.74,0.19999999999999996,0.18999999999999995,1.1800000000000002,1.56825135465552,1.4
9,30,21.1,20.7,21.5,0.25,0.5,1.0,4,0.0070818500000000015,0.433770235,0.004461995000000001,0.00757153512,0.018550922,1.25005068,10.73,2.31,13.74,0.9,0.9,0.62,0.19999999999999996,0.18999999999999995,1.1800000000000002,0.8706376834559325,0.8
9,30,,,,0.25,0.5,1.0,,,,,,,,,,,,,,0.19999999999999996,0.18999999999999995,1.1800000000000002,,
9,30,,,,0.25,0.5,1.0,,,,,,,,,,,,,,0.19999999999999996,0.18999999999999995,1.1800000000000002,,
9,30,,,,0.25,0.5,1.0,,,,,,,,,,,,,,0.19999999999999996,0.18999999999999995,1.1800000000000002,,
9,30,,,,0.25,0.5,1.0,,,,,,,,,,,,,,0.19999999999999996,0.18999999999999995,1.1800000000000002,,
9,30,,,,0.25,0.5,1.0,,,,,,,,,,,,,,0.19999999999999996,0.18999999999999995,1.1800000000000002,,
11,30,22.8,22.3,21.7,0.25,1.0,2.0,0,0.9885465000000001,-0.006195,-0.006195,1.9230736000000002,0.0036261513288,0.01261753015,13.88,9.05,11.43,0.8,0.8,1.9,0.19999999999999996,0.19999999999999996,0.10000000000000009,0.0,0.1
11,30,21,21,22.8,0.25,1.0,2.0,1,0.9379955000000001,0.009873,-0.004644535,1.6793136,0.007576865780000001,0.7884224588,13.85,3.6,12.86,0.84,0.79,1.78,0.19999999999999996,0.19999999999999996,0.10000000000000009,4.084081778197578,0.9
11,30,22.1,22.2,23.2,0.25,1.0,2.0,2,0.8801775000000001,0.0714568,-0.00333441,1.2810421,0.01141996392,1.15097387,13.68,2.97,13.28,0.82,0.79,1.81,0.19999999999999996,0.19999999999999996,0.10000000000000009,2.4805789097534503,1.4
11,30,22.7,22.8,23.7,0.25,1.0,2.0,3,0.7854075,0.19899270000000002,0.000636910000000001,0.9762900999999999,0.015149048,1.5387996300000002,13.27,2.58,13.61,0.77,0.8,1.86,0.19999999999999996,0.19999999999999996,0.10000000000000009,1.7921575494670907,1.8
11,30,23,23.3,23.6,0.25,1.0,2.0,4,0.5503890000000001,0.47321085000000007,0.008290905000000001,0.524936596,0.019905271999999998,1.5944807500000002,12.18,2.31,13.79,0.61,0.9,1.92,0.19999999999999996,0.19999999999999996,0.10000000000000009,1.0899752095680324,1.8
11,30,23.1,23,23.6,0.25,1.0,2.0,5,0.038461435,0.8034745000000001,0.01711646,0.21018310929,0.020610522,1.5944807500000002,11.16,2.18,13.8,0.5,1.1,1.92,0.19999999999999996,0.19999999999999996,0.10000000000000009,0.7308649921411804,1.5
11,30,,,,0.25,1.0,2.0,,,,,,,,,,,,,,0.19999999999999996,0.19999999999999996,0.10000000000000009,,
11,30,,,,0.25,1.0,2.0,,,,,,,,,,,,,,0.19999999999999996,0.19999999999999996,0.10000000000000009,,
11,30,,,,0.25,1.0,2.0,,,,,,,,,,,,,,0.19999999999999996,0.19999999999999996,0.10000000000000009,,
11,30,,,,0.25,1.0,2.0,,,,,,,,,,,,,,0.19999999999999996,0.19999999999999996,0.10000000000000009,,
12,30,24.5,24,24.9,0.25,1.0,2.0,0,0.9758238300000002,-0.006195,-0.006195,1.9175164000000002,0.0036521264738,0.012656003733999999,13.82,4.96,11.31,0.8,0.8,1.84,0.19999999999999996,0.19999999999999996,0.15999999999999992,0.0,0.1
12,30,20.8,21,21.6,0.25,1.0,2.0,1,0.935166485,-0.0046320649999999994,-0.00541778,1.7982301000000003,0.00460326528,0.0306777984,13.82,10.69,12.4,0.88,0.79,1.8,0.19999999999999996,0.19999999999999996,0.15999999999999992,14.888985190486382,0.3
12,30,19.8,20,20.7,0.25,1.0,2.0,2,0.85757344,0.019034915000000003,-0.0033095749999999995,1.4041936,0.00893748968,0.6977750251999999,13.75,3.6,13.13,0.95,0.74,1.74,0.19999999999999996,0.19999999999999996,0.15999999999999992,2.7690330681556534,0.5
12,30,20,20.3,20.9,0.25,1.0,2.0,3,0.8187562500000001,0.06077072500000001,-0.002197625,1.2018924,0.01161829058,0.8048365232000001,13.65,3.15,13.32,0.95,0.74,1.72,0.19999999999999996,0.19999999999999996,0.15999999999999992,2.049796265437064,0.7
12,30,20.1,20.4,20.9,0.25,1.0,2.0,4,0.7644855450000001,0.13008046999999998,-0.0006756199999999992,1.0495276,0.014287608,0.9276567499999999,13.5,2.91,13.47,0.91,0.72,1.7000000000000002,0.19999999999999996,0.19999999999999996,0.15999999999999992,1.692643199762266,0.8
12,30,20.3,20.4,21,0.25,1.0,2.0,5,0.6979987500000001,0.23700785000000002,0.0014383,0.7736176,0.016875,1.06021467,13.17,2.71,13.54,0.88,0.78,1.76,0.19999999999999996,0.19999999999999996,0.15999999999999992,1.301166851001507,0.9
12,30,20.2,20.4,20.9,0.25,1.0,2.0,6,0.577157345,0.38974629000000005,0.0046919,0.5514415690000001,0.019200698000000002,1.1039500800000002,12.45,2.55,13.6,0.78,0.79,1.6800000000000002,0.19999999999999996,0.19999999999999996,0.15999999999999992,1.0717731828579113,1.0
12,30,20.2,20.3,20.9,0.25,1.0,2.0,7,0.388549725,0.5891707,0.009179025,0.403106164,0.021153482,1.1542187499999998,11.75,2.44,13.7,0.7,0.8,1.8,0.19999999999999996,0.19999999999999996,0.15999999999999992,0.8254003186349336,1.0
12,30,,,,0.25,1.0,2.0,,,,,,,,,,,,,,0.19999999999999996,0.19999999999999996,0.15999999999999992,,
12,30,,,,0.25,1.0,2.0,,,,,,,,,,,,,,0.19999999999999996,0.19999999999999996,0.15999999999999992,,
15,30,26,26.1,26.9,0.25,1.0,2.0,0,0.982066015,-0.00580286,-0.005775015,1.9369701000000004,0.0037841374592,0.014951506944,13.9,9.69,11.69,0.81,0.81,1.8,0.18999999999999995,0.18999999999999995,0.19999999999999996,0.0,0.2
15,30,23.4,23.7,24.4,0.25,1.0,2.0,1,0.9374429700000001,0.00825099,-0.00371678,1.5942662,0.006905517620000001,0.0825735,13.85,3.62,12.85,0.88,0.79,1.78,0.18999999999999995,0.18999999999999995,0.19999999999999996,4.249573907265933,0.8
15,30,22.8,22.9,23.4,0.25,1.0,2.0,3,0.8684530450000001,0.074556125,-0.002160394999999999,1.1287928,0.01060043778,0.23167544,13.65,2.96,13.24,0.85,0.79,1.78,0.18999999999999995,0.18999999999999995,0.19999999999999996,4.652035451859046,1.8
15,30,23.4,23.4,23.9,0.25,1.0,2.0,4,0.7697448450000001,0.21767953,-0.00015438499999999907,0.5906861999999999,0.014341418,0.45972454,13.31,2.57,13.5,0.749,0.81,1.79,0.18999999999999995,0.18999999999999995,0.19999999999999996,2.567727015440774,1.8
15,30,23.4,23.5,24.2,0.25,1.0,2.0,5,0.46907898500000006,0.5204391,0.0035109,0.2028312,0.018550922,0.70909414,11.76,2.25,13.63,0.64,0.92,0.85,0.18999999999999995,0.18999999999999995,0.19999999999999996,1.2896175445833196,0.8
15,30,23.2,23.1,23.9,0.25,1.0,2.0,6,0.010830799999999998,0.8237644000000001,0.009115530000000004,0.014233801999999999,0.02093625,0.86148854,10.91,2.11,13.7,0.48,1.1,1.95,0.18999999999999995,0.18999999999999995,0.19999999999999996,0.7072097995524231,0.6
15,30,,,,0.25,1.0,2.0,,,,,,,,,,,,,,0.18999999999999995,0.18999999999999995,0.19999999999999996,,
15,30,,,,0.25,1.0,2.0,,,,,,,,,,,,,,0.18999999999999995,0.18999999999999995,0.19999999999999996,,
15,30,,,,0.25,1.0,2.0,,,,,,,,,,,,,,0.18999999999999995,0.18999999999999995,0.19999999999999996,,
15,30,,,,0.25,1.0,2.0,,,,,,,,,,,,,,0.18999999999999995,0.18999999999999995,0.19999999999999996,,
16,10,23.6,23.6,24.3,0.25,1.0,2.0,0,0.9947446099999999,-0.006195,-0.006195,1.9440200000000003,0.003672271125,0.013364867863999999,13.84,8.45,11.59,0.81,0.82,1.82,0.18999999999999995,0.18000000000000005,0.17999999999999994,0.0,0.0
16,10,20.3,20.5,21.1,0.25,1.0,2.0,1,0.94515039,-0.005795525,-0.00552235,1.8053672000000003,0.0040577813408,0.0274434486,13.89,10.65,12.32,0.89,0.79,1.74,0.18999999999999995,0.18000000000000005,0.17999999999999994,5.916283773450903,0.1
16,10,19.2,19.5,20,0.25,1.0,2.0,2,0.90080844,-0.004407629999999999,-0.004741634999999999,1.6482312000000003,0.00621352242,0.0473925976,13.81,11.26,12.65,0.95,0.76,1.7000000000000002,0.18999999999999995,0.18000000000000005,0.17999999999999994,3.501741902250088,0.2
16,10,19.1,19.2,19.9,0.25,1.0,2.0,3,0.863724845,-0.0014194549999999992,-0.0039060249999999996,1.4849208,0.00887874242,0.07557848539999999,13.8,11.48,12.89,1,0.74,1.69,0.18999999999999995,0.18000000000000005,0.17999999999999994,2.9833294675167936,0.2
16,10,19.3,19.5,20.1,0.25,1.0,2.0,4,0.870966405,0.002234375000000001,-0.0030343749999999997,1.3181742,0.0104505605,0.108846,13.7,11.4,13.01,0.9600000000000001,0.71,1.74,0.18999999999999995,0.18000000000000005,0.17999999999999994,2.6866716311685934,0.2
16,10,21.5,21.7,22.2,0.25,1.0,2.0,20,0.4949203150000001,0.35359574,0.022394090000000002,0.27542,0.037239768000000006,0.55524416,12.64,3.15,13.59,1.1400000000000001,0.59,1.63,0.18999999999999995,0.18000000000000005,0.17999999999999994,0.5337618620642645,0.2
16,10,20.8,20.8,21.4,0.25,1.0,2.0,21,0.4687047650000001,0.386075155,0.025330555,0.2565038,0.038906208,0.5688073600000001,12.58,3.15,13.55,1.14,0.59,1.63,0.18999999999999995,0.18000000000000005,0.17999999999999994,0.514161752992387,0.2
16,10,,,,0.25,1.0,2.0,,,,,,,,,,,,,,0.18999999999999995,0.18000000000000005,0.17999999999999994,,
16,10,,,,0.25,1.0,2.0,,,,,,,,,,,,,,0.18999999999999995,0.18000000000000005,0.17999999999999994,,
16,10,,,,0.25,1.0,2.0,,,,,,,,,,,,,,0.18999999999999995,0.18000000000000005,0.17999999999999994,,
17,30,26.4,26.5,27,0.25,3.0,6.0,0,2.8289365,0.0027095700000000006,-0.0046638949999999995,5.05879,0.006969428180000001,0.056369954400000005,14.73,4.53,12.64,0.84,0.8,1.77,0.16000000000000003,0.19999999999999996,0.22999999999999998,0.0,1.0
17,30,24.6,25,25.3,0.25,3.0,6.0,1,2.6866297,0.06995248000000001,-0.0024177499999999998,4.1513776,0.013470188479999999,0.29793144000000005,14.52,3.22,13.35,0.9,0.78,1.72,0.16000000000000003,0.19999999999999996,0.22999999999999998,2.2550185964266785,1.7
17,30,25,25.3,25.6,0.25,3.0,6.0,2,2.5360273500000003,0.21794808499999999,0.00041848500000000056,3.5221264000000003,0.017847648,0.6195101399999999,14.38,2.8,13.65,0.93,0.78,1.69,0.16000000000000003,0.19999999999999996,0.22999999999999998,1.7766870084688404,2.3
17,30,25.6,26,26.4,0.25,3.0,6.0,3,2.4083578,0.421681055,0.006062830000000001,2.7969525000000006,0.021370778,1.4113226700000001,14.19,2.54,13.78,0.89,0.79,1.69,0.16000000000000003,0.19999999999999996,0.22999999999999998,1.5715989352040693,2.7
17,30,26.3,26.6,26.9,0.25,3.0,6.0,4,2.1634496,0.67609805,0.014655660000000001,2.1655861,0.024146912,1.74385088,14.02,2.41,13.94,0.8,0.81,1.74,0.16000000000000003,0.19999999999999996,0.22999999999999998,1.4155055388694278,2.9
17,30,26.6,26.8,27.2,0.25,3.0,6.0,5,2.1651541,0.9335151500000001,0.024000655000000003,1.6268869000000001,0.02583945,1.9614027200000002,13.82,2.31,14.04,0.7,0.9,1.94,0.16000000000000003,0.19999999999999996,0.22999999999999998,1.2517694709340614,2.9
17,30,,,,0.25,3.0,6.0,,,,,,,,,,,,,,0.16000000000000003,0.19999999999999996,0.22999999999999998,,
17,30,,,,0.25,3.0,6.0,,,,,,,,,,,,,,0.16000000000000003,0.19999999999999996,0.22999999999999998,,
17,30,,,,0.25,3.0,6.0,,,,,,,,,,,,,,0.16000000000000003,0.19999999999999996,0.22999999999999998,,
17,30,,,,0.25,3.0,6.0,,,,,,,,,,,,,,0.16000000000000003,0.19999999999999996,0.22999999999999998,,
18,20,26.7,26.6,27.3,0.25,3.0,6.0,0,2.8496455000000003,-0.005697939999999999,-0.005563734999999999,4.555322100000001,0.00545310848,0.0265959734,14.7,11.1,12.23,0.86,0.8,1.79,0.14,0.19999999999999996,0.20999999999999996,0.0,0.1
18,20,22.5,22.5,23.1,0.25,3.0,6.0,3,2.33701385,0.138303595,0.000808355000000001,3.1450429,0.013491687680000001,0.5634677400000001,14.32,3.26,13.61,1.04,0.69,1.6400000000000001,0.14,0.19999999999999996,0.20999999999999996,1.73879946060915,1.4
18,20,22.6,22.9,23.3,0.25,3.0,6.0,4,2.29388985,0.260849045,0.004885200000000002,2.7713916000000003,0.025784792,0.8279397600000001,14.24,2.99,13.72,1.045,0.67,1.62,0.14,0.19999999999999996,0.20999999999999996,1.4352888457028021,1.6
18,20,23,23.1,23.6,0.25,3.0,6.0,5,2.17278555,0.4095634350000001,0.010440250000000002,2.3618101,0.029510648000000004,1.47828428,14.07,2.86,13.78,1.03,0.68,1.6099999999999999,0.14,0.19999999999999996,0.20999999999999996,1.2374680261262685,1.7
18,20,22.9,23.1,23.6,0.25,3.0,6.0,6,2.04360155,0.5807074600000001,0.018268405,2.0399596000000004,0.033199802,1.6502312300000002,13.99,2.73,13.86,0.99,0.69,1.6800000000000002,0.14,0.19999999999999996,0.20999999999999996,1.1078231836732575,1.7
18,20,22.5,22.7,23.3,0.25,3.0,6.0,7,1.9599875,0.779906565,0.028345150000000003,1.7622396000000002,0.036407898,1.8244867499999997,13.85,2.7,13.94,0.95,0.69,1.69,0.14,0.19999999999999996,0.20999999999999996,1.0069553759301542,1.7
18,20,31.2,22.7,23.4,0.25,3.0,6.0,22.5,-0.0457007,2.1734492,0.185406075,0.030665018000000002,0.059583722000000006,2.1070180800000005,12.15,2.6,14.02,0.1,0.82,2.45,0.14,0.19999999999999996,0.20999999999999996,0.7945139191318024,0.2
18,20,,,,0.25,3.0,6.0,,,,,,,,,,,,,,0.14,0.19999999999999996,0.20999999999999996,,
18,20,,,,0.25,3.0,6.0,,,,,,,,,,,,,,0.14,0.19999999999999996,0.20999999999999996,,
18,20,,,,0.25,3.0,6.0,,,,,,,,,,,,,,0.14,0.19999999999999996,0.20999999999999996,,
23,30,22.7,22.8,23.4,0.25,3.0,6.0,0,3.1465758000000004,-0.005463035,-0.004927605,5.318568,0.00483156002,0.0233764736,14.64,10.9,12.16,0.8,0.81,2.59,0.19999999999999996,0.18999999999999995,0.41000000000000014,0.0,0.2
23,30,23.7,23.9,24.4,0.25,3.0,6.0,1,2.82672635,0.03173328000000001,-0.00350529,4.491781999999999,0.01172015528,0.1504415,14.54,3.64,13.11,0.9,0.78,2.58,0.19999999999999996,0.18999999999999995,0.41000000000000014,3.239008466022808,1.5
23,30,26.7,27.1,27.4,0.25,3.0,6.0,3,2.4659539,0.36224672,0.0014961550000000007,2.917638,0.02093625,0.591294,14.32,2.58,13.59,0.9,0.79,2.66,0.19999999999999996,0.18999999999999995,0.41000000000000014,1.6522602792683643,2.6
23,30,27.7,28.2,28.3,0.25,3.0,6.0,4,2.3397953,0.65969164,0.00677165,2.2022,0.023056992,0.85872184,14.13,2.43,13.71,0.81,0.82,2.68,0.19999999999999996,0.18999999999999995,0.41000000000000014,1.339004258536179,2.8
23,30,28.4,28.5,29.2,0.25,3.0,6.0,5,2.1254424,0.9495647650000001,0.01486921,1.5735919999999997,0.024310538,1.136784,13.84,2.28,13.72,0.7,0.91,2.6,0.19999999999999996,0.18999999999999995,0.41000000000000014,1.1577184276514376,2.9
23,30,28.4,28.6,29,0.25,3.0,6.0,6,2.09925995,1.25138586,0.024912305,1.09724768,0.024965402,1.2818015999999999,13.45,2.12,13.91,0.58,1,2.6,0.19999999999999996,0.18999999999999995,0.41000000000000014,1.02196313166432,2.7
23,30,28.2,28.2,28.8,0.25,3.0,6.0,7,1.4578088,1.56348328,0.035674895000000005,0.7444245799999999,0.025293049999999997,1.4236134,12.74,2.02,13.92,0.37,1,2.69,0.19999999999999996,0.18999999999999995,0.41000000000000014,0.9755685678152283,2.5
23,30,,,,0.25,3.0,6.0,,,,,,,,,,,,,,0.19999999999999996,0.18999999999999995,0.41000000000000014,,
23,30,,,,0.25,3.0,6.0,,,,,,,,,,,,,,0.19999999999999996,0.18999999999999995,0.41000000000000014,,
23,30,,,,0.25,3.0,6.0,,,,,,,,,,,,,,0.19999999999999996,0.18999999999999995,0.41000000000000014,,
25,20,23,23.2,23.8,0.25,1.0,2.0,0,0.9482854700000001,-0.005637835,-0.00598971,1.7402472000000002,0.00456610802,0.015707312533999998,,,,0.89,0.85,1.8,0.10999999999999999,0.15000000000000002,0.19999999999999996,0.0,0.1
25,20,20.6,20.7,21.4,0.25,1.0,2.0,2,0.839428905,0.018852555,-0.0038442899999999998,1.2666312,0.00882,0.12962624,,,,0.99,0.8,1.79,0.10999999999999999,0.15000000000000002,0.19999999999999996,2.6793232257739006,0.6
25,20,20.9,21.1,21.7,0.25,1.0,2.0,4,0.745995705,0.12373867000000001,-0.0013634799999999994,0.7437541999999998,0.01333045928,0.32888416,13.476,3,13.484,0.98,0.79,1.79,0.10999999999999999,0.15000000000000002,0.19999999999999996,1.4382657026429355,0.9
25,20,22.5,22.5,23.1,0.25,1.0,2.0,9,0.025037860000000002,0.747448205,0.027613645000000003,0.020176442,0.023438282,0.813776,11.332,2.463,13.844,0.73,0.9,2,0.10999999999999999,0.15000000000000002,0.19999999999999996,0.635727635860724,0.5
25,20,,,,0.25,1.0,2.0,,,,,,,,,,,,,,0.10999999999999999,0.15000000000000002,0.19999999999999996,,
25,20,,,,0.25,1.0,2.0,,,,,,,,,,,,,,0.10999999999999999,0.15000000000000002,0.19999999999999996,,
25,20,,,,0.25,1.0,2.0,,,,,,,,,,,,,,0.10999999999999999,0.15000000000000002,0.19999999999999996,,
25,20,,,,0.25,1.0,2.0,,,,,,,,,,,,,,0.10999999999999999,0.15000000000000002,0.19999999999999996,,
25,20,,,,0.25,1.0,2.0,,,,,,,,,,,,,,0.10999999999999999,0.15000000000000002,0.19999999999999996,,
25,20,,,,0.25,1.0,2.0,,,,,,,,,,,,,,0.10999999999999999,0.15000000000000002,0.19999999999999996,,
26,10,26,26.1,26.6,0.25,1.0,2.0,0,1.034699065,-0.0059308849999999995,-0.005647625,1.8581832,0.0038880671648000003,0.014681507424,13.755,10.123,11.391,0.81,0.85,1.89,0.18999999999999995,0.15000000000000002,0.1100000000000001,0.0,0.0
26,10,20.8,21.1,21.5,0.25,1.0,2.0,2,0.922139375,-0.0019485849999999992,-0.0034776199999999994,1.5496550000000002,0.0085263605,0.06092477340000001,13.875,11.443,12.762,0.95,0.8,1.8,0.18999999999999995,0.15000000000000002,0.1100000000000001,2.5623442563329033,0.2
26,10,19.7,19.8,20.4,0.25,1.0,2.0,4,0.857924845,0.0059838750000000005,-0.0016276299999999997,1.242855,0.01159684722,0.12745784000000002,13.702,11.472,13.115,1.02,0.78,1.75,0.18999999999999995,0.15000000000000002,0.1100000000000001,2.196900922236468,0.2
26,10,20.7,21,21.4,0.25,1.0,2.0,20,0.5468925000000001,0.33100742000000005,0.02430716,0.29749820000000005,0.040409082,0.5398585600000001,12.823,3.353,13.605,1.2,0.6,1.71,0.18999999999999995,0.15000000000000002,0.1100000000000001,0.5652094786412838,0.2
26,10,19.8,20.2,20.5,0.25,1.0,2.0,21.916666666666668,0.51838328,0.38466347500000003,0.030093344999999997,0.2725992,0.043871162000000005,0.5610454400000001,12.715,3.326,13.631,1.19,0.59,1.73,0.18999999999999995,0.15000000000000002,0.1100000000000001,0.5432325157120782,0.2
26,10,19.4,19.7,20.1,0.25,1.0,2.0,24,0.48404625,0.433815,0.037166475000000004,0.250955,0.047517272000000006,0.5766,12.655,3.317,13.69,1.18,0.58,1.75,0.18999999999999995,0.15000000000000002,0.1100000000000001,0.5370843202830474,0.2
26,10,19.3,19.7,20,0.25,1.0,2.0,26,0.44923883,0.4741926550000001,0.044261525,0.2330982,0.051123800000000004,0.586384,12.627,3.317,13.674,1.15,0.55,1.79,0.18999999999999995,0.15000000000000002,0.1100000000000001,0.5566517702887352,0.2
26,10,,,,0.25,1.0,2.0,,,,,,,,,,,,,,0.18999999999999995,0.15000000000000002,0.1100000000000001,,
26,10,,,,0.25,1.0,2.0,,,,,,,,,,,,,,0.18999999999999995,0.15000000000000002,0.1100000000000001,,
26,10,,,,0.25,1.0,2.0,,,,,,,,,,,,,,0.18999999999999995,0.15000000000000002,0.1100000000000001,,
27,10,26.2,26.2,26.8,0.25,3.0,6.0,0,2.9619136500000005,-0.00579318,-0.005589475,5.159918,0.009936933620000001,0.0407161414,14.465,11.616,12.44,0.85,0.83,1.82,0.15000000000000002,0.17000000000000004,0.17999999999999994,0.0,0.0
27,10,24,24.6,24.7,0.25,3.0,6.0,1,2.6751949,-0.0038945049999999995,-0.003945809999999999,4.372472,0.022295,0.12205574000000001,14.322,12.216,13.01,0.99,0.79,1.78,0.15000000000000002,0.17000000000000004,0.17999999999999994,5.298429398645252,0.4
27,10,,,,0.25,3.0,6.0,3,2.342917,0.012075640000000002,-0.0014803949999999998,3.3318000000000003,0.041803232,0.32972984000000005,14.319,12.462,13.421,1.15,0.7,1.69,0.15000000000000002,0.17000000000000004,0.17999999999999994,2.4841238230356506,0.4
27,10,20,20.4,20.7,0.25,3.0,6.0,4,2.2108656,0.024953370000000002,0.00011754000000000105,2.78955,0.04802345000000001,0.42973414000000004,14.265,12.514,13.574,1.21,0.65,1.63,0.15000000000000002,0.17000000000000004,0.17999999999999994,2.105902813978094,0.4
27,10,19.8,20.2,20.6,0.25,3.0,6.0,5,2.10665625,0.038877350000000005,0.0017660250000000018,2.6767819999999998,0.053612792000000006,0.52079936,14.281,12.507,13.625,1.29,0.6,1.6,0.15000000000000002,0.17000000000000004,0.17999999999999994,1.958330207097109,0.4
27,10,19.8,20.1,20.5,0.25,3.0,6.0,7,1.9879281000000002,0.07344678,0.005931520000000002,2.3514480000000004,0.06490908799999999,0.6837797600000001,14.187,12.489,13.712,1.36,0.52,1.54,0.15000000000000002,0.17000000000000004,0.17999999999999994,1.7370158792380967,0.3
27,10,19.8,20.2,20.5,0.25,3.0,6.0,23,1.4294838999999997,0.50664578,0.06075285000000001,1.1255342000000002,0.2832102,1.21715,13.773,12.906,13.87,1.76,0.2,1.5,0.15000000000000002,0.17000000000000004,0.17999999999999994,1.306220809626945,0.2
27,10,,,,0.25,3.0,6.0,,,,,,,,,,,,,,0.15000000000000002,0.17000000000000004,0.17999999999999994,,
27,10,,,,0.25,3.0,6.0,,,,,,,,,,,,,,0.15000000000000002,0.17000000000000004,0.17999999999999994,,
27,10,,,,0.25,3.0,6.0,,,,,,,,,,,,,,0.15000000000000002,0.17000000000000004,0.17999999999999994,,
28,30,26.3,26.7,26.8,0.25,3.0,6.0,0,2.8930568500000002,0.0031387100000000003,-0.005714995,5.268312,0.009215269520000001,0.0399883286,14.518,10.886,12.426,0.82,0.85,5.9,0.18000000000000005,0.15000000000000002,0.09999999999999964,0.0,0.1
28,30,26,26.3,26.6,0.25,3.0,6.0,1,2.7389094000000003,0.07848831,-0.005136264999999999,4.136552000000001,0.01375510482,0.11918566,14.438,3.394,12.926,0.9,0.84,5.75,0.18000000000000005,0.15000000000000002,0.09999999999999964,1.9131163214999594,1.7
28,30,26.8,27.3,27.3,0.25,3.0,6.0,3,2.3721416,0.457045705,-0.0014205349999999997,2.530328,0.020610522,0.3579065600000001,14.081,2.737,13.265,0.9,0.88,5.7,0.18000000000000005,0.15000000000000002,0.09999999999999964,1.3480343086975777,2.5
28,30,27.4,27.8,27.9,0.25,3.0,6.0,4,2.33523985,0.71304703,0.0019351800000000008,1.9226480000000001,0.022295,0.4837215,13.831,2.549,13.469,0.8,0.91,5.7,0.18000000000000005,0.15000000000000002,0.09999999999999964,1.2194746987973448,2.6
28,30,27.6,28,28.1,0.25,3.0,6.0,5,2.0386995999999997,0.9837134350000001,0.00603521,1.397192,0.023383800000000003,0.6075821400000001,13.577,2.428,13.56,0.7,1,5.75,0.18000000000000005,0.15000000000000002,0.09999999999999964,1.0704691761627918,2.6
28,30,27,27.2,27.5,0.25,3.0,6.0,6,1.7014079999999998,1.3171043750000002,0.01159205,0.94073642,0.024037848,0.7195093400000001,13.105,2.286,13.597,0.55,1.12,5.7,0.18000000000000005,0.15000000000000002,0.09999999999999964,0.8897614713098181,2.4
28,30,26.4,26.5,27,0.25,3.0,6.0,7,1.2180236500000001,1.58742172,0.018365935,0.6335945,0.0244742,0.81214694,12.557,2.209,13.68,0.39,1.24,5.8,0.18000000000000005,0.15000000000000002,0.09999999999999964,0.7858464765698996,2.0
28,30,25.7,25.8,26.2,0.25,3.0,6.0,8,0.5831327,2.1110331249999996,0.024943754999999998,0.2641752,0.024637898,0.8826135,11.954,2.173,13.75,0.2,1.35,5.9,0.18000000000000005,0.15000000000000002,0.09999999999999964,0.6140334174414012,1.8
28,30,,,,0.25,3.0,6.0,,,,,,,,,,,,,,0.18000000000000005,0.15000000000000002,0.09999999999999964,,
28,30,,,,0.25,3.0,6.0,,,,,,,,,,,,,,0.18000000000000005,0.15000000000000002,0.09999999999999964,,
30,20,25.4,25.4,25.9,0.25,3.0,6.0,0,3.4279187500000003,-0.005322749999999999,-0.00562907,5.3521519999999985,0.008131472820000001,0.031037896600000003,14.677,11.481,12.388,0.8,0.8,1.8,0.19999999999999996,0.19999999999999996,0.19999999999999996,0.0,0.1
30,20,22.7,22.8,23,0.25,3.0,6.0,1,3.0539203000000006,0.013905965,-0.00399127,4.317102000000001,0.01026860882,0.18600000000000003,14.644,4.139,13.263,0.9,0.79,1.72,0.19999999999999996,0.19999999999999996,0.19999999999999996,2.3002816949317135,0.7
30,20,22,22.1,22.6,0.25,3.0,6.0,4,2.45516035,0.190164355,0.002871580000000001,2.960622,0.018984042,0.6740415000000001,14.4,3.201,13.801,1,0.75,1.65,0.19999999999999996,0.19999999999999996,0.19999999999999996,1.357304275514287,1.1
30,20,22,22,22.5,0.25,3.0,6.0,5,2.37457815,0.317061365,0.007679820000000001,2.6207819999999997,0.021262121999999998,0.86814086,14.264,3.054,13.842,1,0.75,1.65,0.19999999999999996,0.19999999999999996,0.19999999999999996,1.086874073142589,1.1
30,20,22.1,22.2,22.5,0.25,3.0,6.0,6,2.1416741999999998,0.42498495999999997,0.01368134,2.3924879999999997,0.023274848,1.0525039999999999,14.124,2.954,13.986,1,0.75,1.65,0.19999999999999996,0.19999999999999996,0.19999999999999996,1.0256854792792287,1.2
30,20,22.2,22.4,22.6,0.25,3.0,6.0,8,2.11395685,0.66806633,0.02915261,1.53122,0.027261962,1.390544,14.063,2.83,14.062,1,0.75,1.65,0.19999999999999996,0.19999999999999996,0.19999999999999996,0.9331226601226701,1.2
30,20,,,,0.25,3.0,6.0,,,,,,,,,,,,,,0.19999999999999996,0.19999999999999996,0.19999999999999996,,
30,20,,,,0.25,3.0,6.0,,,,,,,,,,,,,,0.19999999999999996,0.19999999999999996,0.19999999999999996,,
30,20,,,,0.25,3.0,6.0,,,,,,,,,,,,,,0.19999999999999996,0.19999999999999996,0.19999999999999996,,
30,20,,,,0.25,3.0,6.0,,,,,,,,,,,,,,0.19999999999999996,0.19999999999999996,0.19999999999999996,,
31,30,23.1,23.2,23.8,0.25,3.0,6.0,0,3.0850197500000003,-0.004104945,-0.005372284999999999,5.898199999999999,0.00822217088,0.0266285536,14.645,11.557,12.342,0.8,0.8,2.9,0.19999999999999996,0.19999999999999996,0.10000000000000009,0.0,0.1
31,30,22.4,22.5,23.1,0.25,3.0,6.0,1,2.8582635,0.034988080000000005,-0.00423065,4.8306379999999995,0.009926236980000001,0.14345976000000002,14.651,3.732,13.216,0.9,0.8,2.8,0.19999999999999996,0.19999999999999996,0.10000000000000009,2.7545082630664615,1.2
31,30,23,23.3,23.7,0.25,3.0,6.0,2,2.8289176000000005,0.10773107500000002,-0.00312147,4.0122,0.01253022498,0.27943014000000005,14.664,3.234,13.447,0.92,0.79,2.8,0.19999999999999996,0.19999999999999996,0.10000000000000009,2.369582458927008,1.6
31,30,23.6,23.9,24.3,0.25,3.0,6.0,3,2.5346037000000003,0.232279165,-0.0001684799999999995,3.3761520000000007,0.015095177999999999,0.46707366000000006,14.496,2.92,13.582,0.95,0.8,2.7,0.19999999999999996,0.19999999999999996,0.10000000000000009,1.9027733123098156,1.8
31,30,24.2,24.5,24.7,0.25,3.0,6.0,4,2.4190837999999997,0.382327305,0.003915910000000001,2.853432,0.017253098,0.6740415000000001,14.386,2.757,13.71,0.9,0.8,2.7,0.19999999999999996,0.19999999999999996,0.10000000000000009,1.7040212113250974,2.0
31,30,24.6,24.7,25.2,0.25,3.0,6.0,5,2.1975894499999997,0.55279472,0.009193340000000001,2.330982,0.0190382,0.8826135,14.082,2.712,13.716,0.9,0.8,2.7,0.19999999999999996,0.19999999999999996,0.10000000000000009,1.5782752201609516,2.1
31,30,24.7,24.8,25.2,0.25,3.0,6.0,7,2.003149845,0.8984839050000001,-0.03209625,1.3204838,0.021533792,1.0424373999999998,13.922,2.466,13.887,0.72,0.9,2.67,0.19999999999999996,0.19999999999999996,0.10000000000000009,1.3513425847133385,2.0
31,30,,,,0.25,3.0,6.0,,,,,,,,,,,,,,0.19999999999999996,0.19999999999999996,0.10000000000000009,,
31,30,,,,0.25,3.0,6.0,,,,,,,,,,,,,,0.19999999999999996,0.19999999999999996,0.10000000000000009,,
31,30,,,,0.25,3.0,6.0,,,,,,,,,,,,,,0.19999999999999996,0.19999999999999996,0.10000000000000009,,
32,20,22.6,22.8,23.3,0.25,1.0,2.0,0,1.02372039,-0.005857075,-0.006195,2.08142,0.00396125138,0.013573468854,13.993,10.391,11.641,0.8,0.8,1.85,0.19999999999999996,0.19999999999999996,0.1499999999999999,0.0,0.1
32,20,19.5,19.8,20.2,0.25,1.0,2.0,1,0.9683296100000001,-0.0007445300000000002,-0.005446415,1.8635000000000002,0.00568167842,0.05240661760000001,13.985,4.519,12.899,0.85,0.8,1.8,0.19999999999999996,0.19999999999999996,0.1499999999999999,3.73958722576714,0.3
32,20,17.1,17.4,17.7,0.25,1.0,2.0,3,0.8927440600000001,0.037345035000000006,-0.0038321249999999996,1.3999621999999998,0.00896419458,0.17390144000000002,14.08,3.524,13.42,0.9,0.8,1.75,0.19999999999999996,0.19999999999999996,0.1499999999999999,2.038554686906458,0.6
32,20,17.1,17.3,17.7,0.25,1.0,2.0,4,0.85532094,0.07491053500000001,-0.0027457349999999996,1.1429550000000002,0.01062185138,0.26197816,13.992,3.326,13.612,0.9,0.8,1.75,0.19999999999999996,0.19999999999999996,0.1499999999999999,1.6401975641196307,0.6
32,20,17.2,17.3,17.7,0.25,1.0,2.0,5,0.81537906,0.12038615000000001,-0.0014791299999999995,0.9103878,0.012149217680000001,0.35317414,13.882,3.182,13.639,0.9,0.8,1.75,0.19999999999999996,0.19999999999999996,0.1499999999999999,1.4519104866491241,0.7
32,20,17.2,17.4,17.8,0.25,1.0,2.0,6,0.7732485950000001,0.18306043,0.0003944300000000003,0.7011949999999999,0.0136690805,0.44557304000000003,13.735,3.06,13.752,0.87,0.8,1.78,0.19999999999999996,0.19999999999999996,0.1499999999999999,1.2444567510869724,0.7
32,20,17.1,17.3,17.6,0.25,1.0,2.0,7,0.7150585150000001,0.263886895,0.003504005,0.5259949999999999,0.015202921999999999,0.5369874400000001,13.557,2.937,13.802,0.82,0.8,1.79,0.19999999999999996,0.19999999999999996,0.1499999999999999,1.063621428666631,0.7
32,20,,,,0.25,1.0,2.0,,,,,,,,,,,,,,0.19999999999999996,0.19999999999999996,0.1499999999999999,,
32,20,,,,0.25,1.0,2.0,,,,,,,,,,,,,,0.19999999999999996,0.19999999999999996,0.1499999999999999,,
32,20,,,,0.25,1.0,2.0,,,,,,,,,,,,,,0.19999999999999996,0.19999999999999996,0.1499999999999999,,
33,30,18.1,18.3,18.7,0.25,1.0,2.0,0,1.009335235,-0.005888195,-0.006195,2.08142,0.0037714124288,0.012944610693999999,13.945,9.426,11.565,0.8,0.8,1.85,0.19999999999999996,0.19999999999999996,0.1499999999999999,0.0,0.1
33,30,18,18.2,18.6,0.25,1.0,2.0,2,0.93057117,0.04160656000000001,-0.00427929,1.47042,0.008713208,0.163416,14.048,3.385,13.423,0.9,0.8,1.8,0.19999999999999996,0.19999999999999996,0.1499999999999999,4.674918308035113,1.0
33,30,18.9,19.2,19.4,0.25,1.0,2.0,3,0.8739207050000002,0.11004742000000002,-0.0029698349999999992,1.067495,0.01105561448,0.29958776000000004,13.882,3.051,13.549,0.85,0.82,1.8,0.19999999999999996,0.19999999999999996,0.1499999999999999,3.503733946493683,1.2
33,30,19.5,19.7,20,0.25,1.0,2.0,4,0.777511405,0.21881746,-0.0009382699999999997,0.66938,0.01367983298,0.46799446,13.61,2.917,13.683,0.8,0.82,1.85,0.19999999999999996,0.19999999999999996,0.1499999999999999,2.7676659199152214,1.3
33,30,19.7,19.9,20.1,0.25,1.0,2.0,5,0.653966955,0.35787308500000004,0.0017172900000000007,0.3981272,0.016119392,0.61701944,13.24,2.692,13.774,0.7,0.88,1.85,0.19999999999999996,0.19999999999999996,0.1499999999999999,2.174071077202368,1.2
33,30,19.3,19.4,19.8,0.25,1.0,2.0,6,0.50891797,0.53300082,0.005449975000000002,0.2296952,0.018442682000000002,0.7483986400000001,12.637,2.607,13.822,0.6,0.9,1.9,0.19999999999999996,0.19999999999999996,0.1499999999999999,1.7778824971293576,1.0
33,30,,,,0.25,1.0,2.0,,,,,,,,,,,,,,0.19999999999999996,0.19999999999999996,0.1499999999999999,,
33,30,,,,0.25,1.0,2.0,,,,,,,,,,,,,,0.19999999999999996,0.19999999999999996,0.1499999999999999,,
33,30,,,,0.25,1.0,2.0,,,,,,,,,,,,,,0.19999999999999996,0.19999999999999996,0.1499999999999999,,
33,30,,,,0.25,1.0,2.0,,,,,,,,,,,,,,0.19999999999999996,0.19999999999999996,0.1499999999999999,,
34,30,21.6,21.8,22.2,0.25,0.5,1.0,0,0.5067999,-0.00563047,-0.00544475,1.0022958,0.0037072605762,0.011848421349999999,13.711,4.657,11.036,0.8,0.8,1.85,0.19999999999999996,0.19999999999999996,0.1499999999999999,0.0,0.1
34,30,19.5,19.8,20.1,0.25,0.5,1.0,2,0.45419496000000004,0.035601345,-0.0040365999999999996,0.6054727999999999,0.007870113679999999,0.11560886,13.522,3.266,13.207,0.8,0.8,1.85,0.19999999999999996,0.19999999999999996,0.1499999999999999,2.3334111197110285,0.7
34,30,19.7,19.8,20.2,0.25,0.5,1.0,3,0.38829929500000004,0.110820705,-0.0032309249999999995,0.3119462,0.01077711912,0.22420806000000001,13.213,2.991,13.405,0.8,0.8,1.85,0.19999999999999996,0.19999999999999996,0.1499999999999999,1.641257858991029,0.9
34,30,19.2,19.4,19.8,0.25,0.5,1.0,4,0.24234007999999999,0.247246465,-0.0018720949999999998,0.126695,0.014233801999999999,0.33396544,12.296,2.695,13.574,0.7,0.85,1.9,0.19999999999999996,0.19999999999999996,0.1499999999999999,1.089940005615312,0.8
34,30,18.8,19,19.3,0.25,0.5,1.0,5,0.06630885,0.39022121000000004,9.720500000000125e-05,0.03829476200000001,0.016713018000000003,0.40914086,11.339,2.588,13.64,0.65,0.9,1.9,0.19999999999999996,0.19999999999999996,0.1499999999999999,0.8566605381526122,0.7
34,30,17.6,17.8,18.2,0.25,0.5,1.0,6,-0.00604808,0.44070422000000004,0.002793755000000001,0.0037973929442,0.017523288,0.4378615,10.267,2.554,13.707,0.6,0.9,1.9,0.19999999999999996,0.19999999999999996,0.1499999999999999,0.8618993354663396,0.1
34,30,,,,0.25,0.5,1.0,,,,,,,,,,,,,,0.19999999999999996,0.19999999999999996,0.1499999999999999,,
34,30,,,,0.25,0.5,1.0,,,,,,,,,,,,,,0.19999999999999996,0.19999999999999996,0.1499999999999999,,
34,30,,,,0.25,0.5,1.0,,,,,,,,,,,,,,0.19999999999999996,0.19999999999999996,0.1499999999999999,,
34,30,,,,0.25,0.5,1.0,,,,,,,,,,,,,,0.19999999999999996,0.19999999999999996,0.1499999999999999,,
36,30,22.5,22.9,23.3,0.25,3.0,6.0,0,3.14997815,-0.005072584999999999,-0.005689335,5.512549999999999,0.006458304980000001,0.0210100326,14.699,11.361,12.207,0.8,0.8,2.825,0.19999999999999996,0.19999999999999996,0.17499999999999982,0.0,0.1
36,30,22.1,22.8,22.7,0.25,3.0,6.0,2,2.6791531,0.07685562500000001,-0.0037983049999999997,3.850542,0.0104238,0.22734694000000003,14.488,3.221,13.412,0.95,0.8,2.73,0.19999999999999996,0.19999999999999996,0.17499999999999982,2.489805969870355,1.2
36,30,22.6,23.3,23.2,0.25,3.0,6.0,3,2.44994295,0.15752332,-0.0022105849999999993,3.3613519999999997,0.012514121999999999,0.36395064,14.336,3.039,13.593,0.99,0.8,2.62,0.19999999999999996,0.19999999999999996,0.17499999999999982,2.1506640353980684,1.4
36,30,23,23.6,23.5,0.25,3.0,6.0,4.166666666666667,2.2818068499999997,0.29972496000000004,0.0011123450000000007,2.86055,0.015149048,0.54849784,14.328,2.662,13.712,1,0.8,2.62,0.19999999999999996,0.19999999999999996,0.17499999999999982,1.778896305616232,1.6
36,30,23.3,23.6,23.9,0.25,3.0,6.0,5,2.0581709,0.39910871000000003,0.0038233800000000004,2.4612079999999996,0.016713018000000003,0.67199686,14.236,2.571,13.692,0.99,0.8,2.65,0.19999999999999996,0.19999999999999996,0.17499999999999982,1.7040363999020536,1.6
36,30,23.3,24.1,23.9,0.25,3.0,6.0,6,2.1282091999999997,0.5512117950000001,0.008545295000000001,2.1216079999999997,0.018821592,0.84713446,14.137,2.455,13.835,0.95,0.83,2.65,0.19999999999999996,0.19999999999999996,0.17499999999999982,1.5306938999668769,1.7
36,30,,,,0.25,3.0,6.0,,,,,,,,,,,,,,0.19999999999999996,0.19999999999999996,0.17499999999999982,,
36,30,,,,0.25,3.0,6.0,,,,,,,,,,,,,,0.19999999999999996,0.19999999999999996,0.17499999999999982,,
36,30,,,,0.25,3.0,6.0,,,,,,,,,,,,,,0.19999999999999996,0.19999999999999996,0.17499999999999982,,
36,30,,,,0.25,3.0,6.0,,,,,,,,,,,,,,0.19999999999999996,0.19999999999999996,0.17499999999999982,,
37,20,20.8,21,21.5,0.25,0.5,1.0,0,0.47266820500000006,-0.00582212,-0.00557912,0.9590021999999999,0.0037449026888,0.011733114646,13.522,5.024,10.592,0.82,0.8,0.8,0.18000000000000005,0.19999999999999996,0.19999999999999996,0.0,0.1
37,20,20.4,20.6,21.1,0.25,0.5,1.0,1,0.4599340250000001,-0.00553354,-0.004142379999999999,0.9013752,0.0039087488882,0.026400517399999997,13.501,9.724,12.289,0.85,0.8,0.8,0.18000000000000005,0.19999999999999996,0.19999999999999996,25.64567500462955,0.1
37,20,21.3,21.7,22,0.25,0.5,1.0,3,0.4440775400000001,0.0016286650000000005,-0.0012970399999999993,0.7030278,0.00583055442,0.1070735,13.425,3.661,13.001,0.9,0.8,0.75,0.18000000000000005,0.19999999999999996,0.19999999999999996,5.330684179571215,0.3
37,20,21.7,21.9,22.4,0.25,0.5,1.0,4,0.4121425000000001,0.025876680000000003,4.07649999999999e-05,0.5310181999999999,0.00871854722,0.21211744000000002,13.309,3.083,13.266,0.9,0.79,0.75,0.18000000000000005,0.19999999999999996,0.19999999999999996,2.2872554539389958,0.5
37,20,21.8,22.1,22.5,0.25,0.5,1.0,5,0.37476789000000005,0.08450927500000001,0.0011427650000000004,0.3243528,0.01372822112,0.38178646000000005,13.02,2.659,13.494,0.9,0.78,0.78,0.18000000000000005,0.19999999999999996,0.19999999999999996,1.369268250367346,0.8
37,20,21.8,22,22.5,0.25,0.5,1.0,6,0.26944123000000003,0.19819549,0.003058725000000001,0.1459832,0.018118058,0.5844233600000001,12.17,2.443,13.612,0.82,0.8,0.8,0.18000000000000005,0.19999999999999996,0.19999999999999996,0.8851207745507769,0.8
37,20,21.6,21.8,22.3,0.25,0.5,1.0,7,0.09413092,0.36812504,0.006346670000000001,0.045383648,0.020990552,0.75104294,11.208,2.32,13.741,0.72,0.85,0.85,0.18000000000000005,0.19999999999999996,0.19999999999999996,0.6100498524762098,0.7
37,20,,,,0.25,0.5,1.0,,,,,,,,,,,,,,0.18000000000000005,0.19999999999999996,0.19999999999999996,,
37,20,,,,0.25,0.5,1.0,,,,,,,,,,,,,,0.18000000000000005,0.19999999999999996,0.19999999999999996,,
37,20,,,,0.25,0.5,1.0,,,,,,,,,,,,,,0.18000000000000005,0.19999999999999996,0.19999999999999996,,
38,20,21.2,21.6,21.9,0.25,1.0,2.0,0,0.9599832050000001,-0.00592411,-0.00611255,1.8901800000000002,0.0036394038338000002,0.012438009606,13.875,8.701,11.111,0.85,0.82,1.85,0.15000000000000002,0.18000000000000005,0.1499999999999999,0.0,0.1
38,20,20.3,20.6,20.9,0.25,1.0,2.0,1,0.9072532050000001,-0.005261839999999999,-0.005556825,1.7467142,0.0042683899202000004,0.0288794854,13.829,10.147,12.361,0.9,0.8,1.85,0.15000000000000002,0.18000000000000005,0.1499999999999999,14.222965343021198,0.2
38,20,19.7,20.2,20.3,0.25,1.0,2.0,2,0.8730675,-0.0029652249999999997,-0.004893224999999999,1.5880392,0.00505992872,0.05542798959999999,13.826,4.993,12.764,0.92,0.79,1.82,0.15000000000000002,0.18000000000000005,0.1499999999999999,9.834289137874626,0.3
38,20,20,20.3,20.5,0.25,1.0,2.0,4,0.797543985,0.03427877,-0.0034653999999999996,1.1440472,0.0090069245,0.17390144000000002,13.662,3.309,13.219,0.98,0.75,1.78,0.15000000000000002,0.18000000000000005,0.1499999999999999,2.5662405779854227,0.6
38,20,20.3,20.6,20.9,0.25,1.0,2.0,5,0.7678246900000001,0.082702645,-0.002655404999999999,0.9063782,0.011232408020000001,0.26359224000000003,13.566,3.021,13.352,0.98,0.75,1.78,0.15000000000000002,0.18000000000000005,0.1499999999999999,1.78161748473807,0.8
38,20,20.6,20.9,21.1,0.25,1.0,2.0,6,0.70981578,0.16711126999999998,-0.0012479349999999995,0.6478472,0.013749728,0.38266165999999996,13.413,2.77,13.476,0.95,0.75,1.78,0.15000000000000002,0.18000000000000005,0.1499999999999999,1.294346348562713,0.9
38,20,20.6,20.9,21.2,0.25,1.0,2.0,7,0.6243600800000001,0.28332926,0.0008285100000000002,0.43645500000000004,0.016227288,0.50804294,13.114,2.587,13.556,0.9,0.79,1.8,0.15000000000000002,0.18000000000000005,0.1499999999999999,0.9810534494278075,0.9
38,20,20.6,20.9,21.2,0.25,1.0,2.0,8,,,,,,,12.63,2.433,13.655,0.85,0.8,1.82,0.15000000000000002,0.18000000000000005,0.1499999999999999,57.73721993636801,0.9
38,20,,,,0.25,1.0,2.0,,,,,,,,,,,,,,0.15000000000000002,0.18000000000000005,0.1499999999999999,,
38,20,,,,0.25,1.0,2.0,,,,,,,,,,,,,,0.15000000000000002,0.18000000000000005,0.1499999999999999,,
40,35,25.2,24.7,25.1,0.5,3.0,3.0,0,3.177671875,-0.0062,-0.0062,2.64002,0.0041463671922000005,0.018972902399999998,14.533,10.47,11.886,0.82,0.8,1.8,0.18000000000000005,0.19999999999999996,0.19999999999999996,0.0,0.0
40,35,31,31.1,30.8,0.5,3.0,3.0,1,2.8323312499999997,0.042869955,-0.00512749,2.60918,0.010584378,0.21328246000000003,14.231,3.334,13.005,0.92,0.78,1.8,0.18000000000000005,0.19999999999999996,0.19999999999999996,1.0948558639288817,1.9
40,35,33.7,34.1,33.6,0.5,3.0,3.0,3,2.4388175,0.39271215000000004,0.004162750000000001,1.9170200000000002,0.0157958,0.924816,13.783,2.348,13.437,0.92,0.78,1.75,0.18000000000000005,0.19999999999999996,0.19999999999999996,0.9180802632306012,3.0
40,35,34.4,34.6,34.2,0.5,3.0,3.0,4,2.284614065,0.6710125800000001,0.01284281,1.4837102,0.019417418000000002,1.34475,13.604,2.143,13.516,0.85,0.85,1.75,0.18000000000000005,0.19999999999999996,0.19999999999999996,0.7836322569531377,3.4
40,35,34.7,34.8,34.5,0.5,3.0,3.0,5,2.022153435,1.042838125,0.025504154999999997,1.0589958000000002,0.021968671999999998,1.7491359999999998,13.312,2.051,13.591,0.7,0.9,1.8,0.18000000000000005,0.19999999999999996,0.19999999999999996,0.6634549586858275,3.7
40,35,34.8,34.7,34.5,0.5,3.0,3.0,6,1.663962345,1.44545031,0.040709315,0.756875,0.023111450000000002,2.062456,12.918,1.938,13.632,0.5,1.02,1.9,0.18000000000000005,0.19999999999999996,0.19999999999999996,0.5716133139847602,3.6
40,35,34.7,34.6,34.4,0.5,3.0,3.0,7,0.927930315,1.840840625,0.056433485000000005,0.47007180000000004,0.023601752000000004,2.29115,12.403,1.903,13.667,0.25,1.18,2,0.18000000000000005,0.19999999999999996,0.19999999999999996,,3.6
40,35,,,,0.5,3.0,3.0,,,,,,,,,,,,,,0.18000000000000005,0.19999999999999996,0.19999999999999996,,
40,35,,,,0.5,3.0,3.0,,,,,,,,,,,,,,0.18000000000000005,0.19999999999999996,0.19999999999999996,,
40,35,,,,0.5,3.0,3.0,,,,,,,,,,,,,,0.18000000000000005,0.19999999999999996,0.19999999999999996,,
41,35,27.4,27,27.2,0.25,3.0,3.0,0,3.3622940649999995,-0.00603599,-0.0062,2.6555,0.00655943552,0.0205892824,14.406,11.253,11.964,0.82,0.8,1.85,0.18000000000000005,0.19999999999999996,0.1499999999999999,0.0,0.2
41,35,34.9,34.6,34.7,0.25,3.0,3.0,2,2.653433125,0.27054795000000004,-0.0005248149999999997,2.2228199999999996,0.016875,0.6658744600000001,13.845,2.807,13.281,0.92,0.78,1.75,0.18000000000000005,0.19999999999999996,0.1499999999999999,2.3291878363457883,3.1
41,35,35.4,35.2,35.2,0.25,3.0,3.0,3,2.454989845,0.56113508,0.007936994999999999,1.7544878,0.018659178000000002,1.136784,13.708,2.438,13.437,0.85,0.8,1.75,0.18000000000000005,0.19999999999999996,0.1499999999999999,2.7252640037778493,3.4
41,35,35.6,35.3,35.3,0.25,3.0,3.0,4,2.23330625,0.9184821850000001,0.020204805,1.299755,0.020556248,1.5726859999999998,13.502,2.176,13.585,0.72,0.88,1.8,0.18000000000000005,0.19999999999999996,0.1499999999999999,2.6233033575392684,3.6
41,35,35.2,35,35.1,0.25,3.0,3.0,5,1.912249845,1.325385155,0.034889840000000005,0.9244718,0.022349401999999997,1.948126,13.181,2.08,13.711,0.55,0.98,1.85,0.18000000000000005,0.19999999999999996,0.1499999999999999,2.4524066217788927,3.6
41,35,34.8,34.2,34.5,0.25,3.0,3.0,6,1.3640059400000002,1.7137517199999999,0.053543810000000004,0.6345061999999999,0.023329322,2.2190960000000004,12.767,2.025,13.734,0.32,1.1,1.98,0.18000000000000005,0.19999999999999996,0.1499999999999999,,3.5
41,35,,,,0.25,3.0,3.0,,,,,,,,,,,,,,0.18000000000000005,0.19999999999999996,0.1499999999999999,,
41,35,,,,0.25,3.0,3.0,,,,,,,,,,,,,,0.18000000000000005,0.19999999999999996,0.1499999999999999,,
41,35,,,,0.25,3.0,3.0,,,,,,,,,,,,,,0.18000000000000005,0.19999999999999996,0.1499999999999999,,
41,35,,,,0.25,3.0,3.0,,,,,,,,,,,,,,0.18000000000000005,0.19999999999999996,0.1499999999999999,,
42,35,26.7,26.2,26.6,1.0,3.0,3.0,0,3.328815,-0.0046714,-0.00524526,2.67102,0.00625608722,0.0200717144,14.494,11.213,11.93,0.82,0.8,1.85,0.18000000000000005,0.19999999999999996,0.1499999999999999,0.0,0.4
42,35,34.4,34,34,1.0,3.0,3.0,1,2.8715471850000003,0.088132285,-0.002201715,2.5785,0.01308331232,0.27698166,14.104,3.224,13.002,0.9,0.78,1.78,0.18000000000000005,0.19999999999999996,0.1499999999999999,0.3914664904261947,2.7
42,35,36.3,36,36,1.0,3.0,3.0,3,2.417291875,0.6626694550000001,0.013204220000000003,1.6255512,0.01985105,1.261264,13.666,2.392,13.507,0.8,0.82,1.78,0.18000000000000005,0.19999999999999996,0.1499999999999999,0.45047753663283224,4.0
42,35,36.9,36.6,36.6,1.0,3.0,3.0,4,2.186409685,1.0607707800000001,0.026686250000000005,1.14842,0.021533792,1.7132459999999998,13.35,2.193,13.618,0.65,0.92,1.85,0.18000000000000005,0.19999999999999996,0.1499999999999999,0.47724258149395243,4.1
42,35,35.8,35.4,35.5,1.0,3.0,3.0,5,1.750079375,1.4849807800000001,0.04331799,0.794795,0.022893642,2.077904,12.978,2.067,13.719,0.42,1.05,1.92,0.18000000000000005,0.19999999999999996,0.1499999999999999,0.49892139569638555,3.9
42,35,35.3,34.7,34.9,1.0,3.0,3.0,6,0.845786875,1.8752400000000002,0.06060254500000001,0.38199500000000003,0.023710751999999998,2.323486,12.32,1.997,13.772,0.15,1.2,2.02,0.18000000000000005,0.19999999999999996,0.1499999999999999,,3.7
42,35,,,,1.0,3.0,3.0,,,,,,,,,,,,,,0.18000000000000005,0.19999999999999996,0.1499999999999999,,
42,35,,,,1.0,3.0,3.0,,,,,,,,,,,,,,0.18000000000000005,0.19999999999999996,0.1499999999999999,,
42,35,,,,1.0,3.0,3.0,,,,,,,,,,,,,,0.18000000000000005,0.19999999999999996,0.1499999999999999,,
42,35,,,,1.0,3.0,3.0,,,,,,,,,,,,,,0.18000000000000005,0.19999999999999996,0.1499999999999999,,
43,35,26.9,26.2,26.6,0.5,3.0,3.0,0,3.2477506249999997,-0.005919605,-0.0062,2.67102,0.0057135777799999996,0.01968374,14.487,11.095,11.906,0.82,0.8,1.85,0.18000000000000005,0.19999999999999996,0.1499999999999999,0.0,0.0
43,35,35.4,35.2,35.2,0.5,3.0,3.0,2,2.666598125,0.27258824000000004,-7.290999999999982e-05,2.17998,0.017253098,0.686864,13.842,2.781,13.309,0.9,0.78,1.75,0.18000000000000005,0.19999999999999996,0.1499999999999999,9.960608150989009,3.4
43,35,31.8,31.5,31.4,0.5,3.0,3.0,2.933333333333333,2.470914065,0.577138515,0.010599144999999997,1.6608872000000001,0.0272072,1.179806,13.752,2.794,13.523,0.85,0.8,1.78,0.18000000000000005,0.19999999999999996,0.1499999999999999,7.339164174298392,4.2
43,35,34.3,33.9,34,0.5,3.0,3.0,3.933333333333333,2.19324203,1.06302125,0.023074630000000002,1.1092952,0.041412618000000005,1.7347439999999998,13.374,2.726,13.62,0.6,0.95,1.85,0.18000000000000005,0.19999999999999996,0.1499999999999999,4.8752684667004065,4.4
43,35,35.9,35.4,35.4,0.5,3.0,3.0,4.933333333333334,1.57051797,1.5930193750000001,0.039529440000000006,0.6496327999999999,0.034028192,2.124536,12.631,2.418,13.653,0.4,1.08,1.95,0.18000000000000005,0.19999999999999996,0.1499999999999999,3.7644992282119647,4.4
43,35,35,34.3,34.7,0.5,3.0,3.0,5.933333333333334,0.258292265,2.081178435,0.055639375,0.096275808,0.030335018,2.37235,11.064,2.242,13.739,0.1,1.2,2.05,0.18000000000000005,0.19999999999999996,0.1499999999999999,3.102596047194588,3.5
43,35,29.8,29,29.6,0.5,3.0,3.0,6.933333333333334,0.04830090000000001,2.173408435,0.07061623,0.012965141519999999,0.031490648,2.364176,3.447,2.255,13.991,0.05,1.2,2.1,0.18000000000000005,0.19999999999999996,0.1499999999999999,3.0986370076287786,1.0
43,35,,,,0.5,3.0,3.0,,,,,,,,,,,,,,0.18000000000000005,0.19999999999999996,0.1499999999999999,,
43,35,,,,0.5,3.0,3.0,,,,,,,,,,,,,,0.18000000000000005,0.19999999999999996,0.1499999999999999,,
43,35,,,,0.5,3.0,3.0,,,,,,,,,,,,,,0.18000000000000005,0.19999999999999996,0.1499999999999999,,
