Date,exp,Voltage [V],Temp_F [C],Temp_A [C],Temp_B [C],Electrolyte [M],Ci_LA [M],Ci_K [M],Time [hr],CF_LA [M],CA_LA [M],CB_LA [M],CF_K [M],CA_K [M],CB_K [M],pH_F,pH_A,pH_B,VF_Tank [L],VA_Tank [L],VB_Tank [L],VF_Line [L],VA_Line [L],VB_Line [L],SEC [kWh/kg],Current [A]
220516,1,20,20.2,19.8,19.6,0.25,0.5,1,0,0.46037664,-0.006020435,-0.006066255,1.0359541,0.0035,0.011473731,13.49,9.23,10.93,0.8,0.8,0.78,0.2,0.2,0.22,0,0
220516,1,20,21.1,20.1,20.5,0.25,0.5,1,1,0.44715996,-0.005833395,-0.005349545,1.0848421,0.0035,0.025684215,13.45,9.79,12.24,0.82,0.79,0.77,0.2,0.2,0.22,28.90470248,0.1
220516,1,20,21.9,21.4,21.1,0.25,0.5,1,2,0.43424742,-0.005177045,-0.004383835,1.0305261,0.0035,0.586655732,13.45,8.91,12.57,0.88,0.76,0.73,0.2,0.2,0.22,16.38018953,0.2
220516,1,20,22.3,21.7,21.6,0.25,0.5,1,3,0.42352871,-0.003198155,-0.00341378,0.9546181,0.0035,0.637128781,13.38,4.25,12.82,0.89,0.75,0.72,0.2,0.2,0.22,10.87802067,0.3
220516,1,20,22.6,22.2,21.9,0.25,0.5,1,4,0.409354765,0.007311985,-0.002479405,0.7763125,0.007054651,0.732307831,13.25,3.52,13.04,0.9,0.75,0.71,0.2,0.2,0.22,4.37100317,0.4
220516,1,20,21.4,20.9,20.7,0.25,0.5,1,6.5,0.27290461,0.11921711,0.006714695,0.401772609,0.014825888,1.05859568,12.54,2.64,13.49,0.95,0.68,0.78,0.2,0.2,0.22,1.547795198,0.8
220516,1,20,,,,0.25,0.5,1,,,,,,,,,,,,,,0.2,0.2,0.22,,
220516,1,20,,,,0.25,0.5,1,,,,,,,,,,,,,,0.2,0.2,0.22,,
220516,1,20,,,,0.25,0.5,1,,,,,,,,,,,,,,0.2,0.2,0.22,,
220516,1,20,,,,0.25,0.5,1,,,,,,,,,,,,,,0.2,0.2,0.22,,
220524,2,20,22.6,22.7,23.2,0.25,0.5,1,0,0.48894725,-0.00568186,-0.006195,1.08756,0.004422275,0.015311638,13.48,10.81,11.74,0.81,0.8,0.78,0.19,0.2,0.22,0,0.1
220524,2,20,24,23.9,24.4,0.25,0.5,1,1,0.471361,0.00344751,-0.005183415,1.0794069,0.006910843,0.624144311,13.41,3.97,12.87,0.83,0.79,0.76,0.19,0.2,0.22,2.651417937,0.4
220524,2,20,25.2,25.2,25.6,0.25,0.5,1,2,0.4442368,0.02620972,-0.003147275,0.8815696,0.009375576,0.787778897,13.29,3.3,13.14,0.83,0.79,0.76,0.19,0.2,0.22,1.979124291,0.6
220524,2,20,26.1,26.2,26.7,0.25,0.5,1,3,0.3949303,0.08612135,-0.001619665,0.644229081,0.012481917,0.96318147,13.01,2.83,13.33,0.79,0.8,0.79,0.19,0.2,0.22,1.253582411,0.8
220524,2,20,26.3,26.5,26.9,0.25,0.5,1,4,0.29135155,0.19984555,0.00112956,0.408440884,0.016443128,1.081267,12.41,2.52,13.51,0.74,0.81,0.8,0.19,0.2,0.22,0.860944942,0.9
220524,2,20,24.7,24.2,24.7,0.25,0.5,1,5.1,0.10937225,0.338813,0.01047539,0.240781504,0.017037018,1.14772923,11.62,2.39,13.65,0.72,0.78,0.9,0.19,0.2,0.22,0,
220524,2,20,,,,0.25,0.5,1,,,,,,,,,,,,,,0.19,0.2,0.22,,
220524,2,20,,,,0.25,0.5,1,,,,,,,,,,,,,,0.19,0.2,0.22,,
220524,2,20,,,,0.25,0.5,1,,,,,,,,,,,,,,0.19,0.2,0.22,,
220524,2,20,,,,0.25,0.5,1,,,,,,,,,,,,,,0.19,0.2,0.22,,
220527,3,10,,,,0.25,0.5,1,0,0.42815735,-0.006195,-0.006195,1.0223856,0.003691356,0.012162391,13.5,9.97,11.08,0.81,0.81,0.79,0.19,0.19,0.21,0,0
220527,3,10,,,,0.25,0.5,1,1,0.4142726,-0.00533775,-0.00451501,0.979,0.004603265,0.027117401,13.51,10.81,12.31,0.85,0.79,0.76,0.19,0.19,0.21,2.878938216,0.1
220527,3,10,,,,0.25,0.5,1,2,0.40225745,-0.004202745,-0.003163275,1.0196725,0.00598478,0.593382032,13.46,10.96,12.64,0.9,0.79,0.75,0.19,0.19,0.21,3.118862594,0.1
220527,3,10,,,,0.25,0.5,1,3,0.39052,-0.002758035,-0.002158705,0.9302524,0.007075959,0.634723952,13.38,10.96,12.82,0.9,0.78,0.73,0.19,0.19,0.21,3.022607963,0.2
220527,3,10,23.5,23.5,24.2,0.25,0.5,1,4,0.37917455,-0.000845395,-0.001408045,0.8356509,0.007939445,0.680278291,13.32,10.87,13,0.95,0.78,0.71,0.19,0.19,0.21,3.356210546,0.2
220527,3,10,,,,0.25,0.5,1,,,,,,,,,,,,,,0.19,0.19,0.21,,
220527,3,10,,,,0.25,0.5,1,,,,,,,,,,,,,,0.19,0.19,0.21,,
220530,4,20,23.8,23.8,24.3,0.25,0.5,1,0,0.4185546,-0.00586945,-0.006195,1.0712556,0.009765807,0.014768284,13.49,10.54,11.6,0.81,0.8,0.81,0.19,0.2,0.19,0,0
220530,4,20,23,23.1,23.6,0.25,0.5,1,1,0.40242465,0.000516805,-0.004449905,1.0495276,0.006633962,0.625747119,13.4,3.86,12.81,0.83,0.8,0.77,0.19,0.2,0.19,3.341403787,0.4
220530,4,20,23.6,23.8,24.3,0.25,0.5,1,3,0.3067429,0.0696537,-0.00204625,0.611484769,0.012159948,0.93895692,13.05,2.78,13.4,0.82,0.79,0.78,0.19,0.2,0.19,1.416009573,0.7
220530,4,20,24,24.1,24.6,0.25,0.5,1,4,0.30595355,0.2109697,-6.21E-06,0.378576756,0.0157958,1.05697675,12.28,2.45,13.5,0.75,0.81,0.81,0.19,0.2,0.19,0.754058129,0.8
220530,4,20,23.8,23.9,24.4,0.25,0.5,1,5,0.09830205,0.39153645,0.007126285,0.229101616,0.018821592,1.19804812,11.26,2.29,13.57,0.68,0.86,0.87,0.19,0.2,0.19,0.531752002,0.8
220530,4,20,23.3,23.4,24,0.25,0.5,1,6,-0.005370785,0.4639632,0.01362819,0.004459955,0.019363232,1.23054252,10.7,2.3,13.61,0.61,0.9,0.92,0.19,0.2,0.19,0.508700778,0.2
220530,4,20,,,,0.25,0.5,1,,,,,,,,,,,,,,0.19,0.2,0.19,,
220530,4,20,,,,0.25,0.5,1,,,,,,,,,,,,,,0.19,0.2,0.19,,
220530,4,20,,,,0.25,0.5,1,,,,,,,,,,,,,,0.19,0.2,0.19,,
220530,4,20,,,,0.25,0.5,1,,,,,,,,,,,,,,0.19,0.2,0.19,,
220603,5,30,25.6,25.7,26.2,0.25,0.5,1,0,0.49808,-0.006195,-0.006195,1.0223856,0.003584805,0.011217628,13.51,8.63,10.4,0.83,0.8,0.79,0.17,0.2,0.21,0,0.1
220603,5,30,24.9,25.1,25.6,0.25,0.5,1,1,0.47424555,0.01197234,-0.003969835,0.9681616,0.00750757,0.659901179,13.4,3.31,12.96,0.83,0.8,0.78,0.17,0.2,0.21,2.963616589,0.8
220603,5,30,,,,0.25,0.5,1,2,0.392996,0.10748015,-0.001990175,0.580378441,0.012761074,0.95833548,12.97,2.64,13.41,0.79,0.81,0.79,0.17,0.2,0.21,1.584165024,1.5
220603,5,30,,,,0.25,0.5,1,4,-0.00600336,0.4482619,0.008697385,0.003934734,0.01958,1.23704428,10.72,2.25,13.71,0.6,0.9,0.89,0.17,0.2,0.21,0.798954912,0.2
220603,5,30,,,,0.25,0.5,1,5,-0.006195,0.44310055,0.01506601,0.00387428,0.019254872,1.19967227,11.01,2.94,13.67,0.56,0.9,1,0.17,0.2,0.21,0.852749926,0.2
220603,5,30,,,,0.25,0.5,1,,,,,,,,,,,,,,0.17,0.2,0.21,,
220603,5,30,,,,0.25,0.5,1,,,,,,,,,,,,,,0.17,0.2,0.21,,
220603,5,30,,,,0.25,0.5,1,,,,,,,,,,,,,,0.17,0.2,0.21,,
220603,5,30,,,,0.25,0.5,1,,,,,,,,,,,,,,0.17,0.2,0.21,,
220603,5,30,,,,0.25,0.5,1,,,,,,,,,,,,,,0.17,0.2,0.21,,
220608,6,30,22.7,22.7,23.2,0.25,1,2,0,0.9865815,-0.00499074,-0.006195,1.93975,0.005995418,0.018520854,13.83,11.12,11.93,0.82,0.81,0.82,0.18,0.19,0.18,0,0.1
220608,6,30,21.1,21.4,21.8,0.25,1,2,1,0.9369805,0.025803545,-0.0037942,1.6103461,0.009225956,0.774266321,13.74,3.37,13.25,0.82,0.8,0.79,0.18,0.19,0.18,2.905315409,1.1
220608,6,30,21.6,21.8,22.2,0.25,1,2,1.666666667,0.902022,0.07617725,-0.002156175,1.3494096,0.011881024,0.99873523,13.67,2.99,13.56,0.82,0.8,0.79,0.18,0.19,0.18,2.241246873,1.4
220608,6,30,23.3,23.3,23.8,0.25,1,2,4,0.4620494,0.5640235,0.01061682,0.009108418,0.02147945,1.66500032,12.12,2.23,13.89,0.56,0.93,0.96,0.18,0.19,0.18,1.006619666,1.9
220608,6,30,21.9,21.9,22.5,0.25,1,2,5,-0.004290175,0.83241,0.021000355,0.005006813,0.020556248,1.79649472,10.91,2.11,13.93,0.4,1,1,0.18,0.19,0.18,0.838444824,1
220608,6,30,,,,0.25,1,2,,,,,,,,,,,,,,0.18,0.19,0.18,,
220608,6,30,,,,0.25,1,2,,,,,,,,,,,,,,0.18,0.19,0.18,,
220608,6,30,,,,0.25,1,2,,,,,,,,,,,,,,0.18,0.19,0.18,,
220608,6,30,,,,0.25,1,2,,,,,,,,,,,,,,0.18,0.19,0.18,,
220608,6,30,,,,0.25,1,2,,,,,,,,,,,,,,0.18,0.19,0.18,,
220609,7,30,20.7,20.9,21.3,0.25,1,2,0,0.914509,-0.006195,-0.006195,1.8897424,0.003605107,0.013034419,13.97,6.55,11.48,0.82,0.8,1.8,0.18,0.2,-0.8,0,0.1
220609,7,30,19.8,19.9,20.5,0.25,1,2,1,0.93251,0.00343711,-0.00403515,1.5965676,0.006256087,0.659099128,13.95,3.95,12.97,0.86,0.79,1.78,0.18,0.2,-0.8,5.484457959,0.7
220609,7,30,20.9,21.1,21.4,0.25,1,2,2,0.8918695,0.04111564,-0.00250665,1.4343589,0.009584029,0.86314075,13.76,3.17,13.44,0.88,0.78,1.77,0.18,0.2,-0.8,3.390908319,1.2
220609,7,30,22.1,22.3,22.7,0.25,1,2,3,0.822087,0.1348432,-0.0002144,1.0685389,0.013389572,1.05050163,13.6,2.77,13.69,0.83,0.79,1.78,0.18,0.2,-0.8,2.269550678,1.7
220609,7,30,23.3,23.4,23.8,0.25,1,2,4,0.67462,0.33685705,0.00429807,0.6874864,0.01768545,1.34772108,13.04,2.45,13.85,0.73,0.83,1.82,0.18,0.2,-0.8,1.473741621,2
220609,7,30,21.9,21.2,21.2,0.25,1,2,6,-0.00596448,0.8274965,0.020059005,0.004412722,0.020284938,1.619068,10.92,2.13,13.97,0.45,1.1,2.1,0.18,0.2,-0.8,0.796727348,0.3
220609,7,30,,,,0.25,1,2,,,,,,,,,,,,,,0.18,0.2,-0.8,,
220609,7,30,,,,0.25,1,2,,,,,,,,,,,,,,0.18,0.2,-0.8,,
220609,7,30,,,,0.25,1,2,,,,,,,,,,,,,,0.18,0.2,-0.8,,
220609,7,30,,,,0.25,1,2,,,,,,,,,,,,,,0.18,0.2,-0.8,,
220613,8,30,21.9,21.4,22,0.25,1,2,0,0.965021,-0.006195,-0.006195,1.9981741,0.003595459,0.013451511,13.91,5.74,11.56,0.81,0.81,1.86,0.19,0.19,-0.86,0,0.1
220613,8,30,20.8,20.8,21.3,0.25,1,2,1,0.915156,0.012955675,-0.003057245,1.7124624,0.008142143,0.710621201,13.85,3.63,13.13,0.85,0.78,1.8,0.19,0.19,-0.86,2.805584808,0.7
220613,8,30,22.6,22.6,23,0.25,1,2,2,0.8565825,0.09022505,-0.001025155,1.3357261,0.0128631,1.00843675,13.6,2.94,13.43,0.81,0.78,1.81,0.19,0.19,-0.86,1.682126848,1.2
220613,8,30,23.9,24,24.5,0.25,1,2,3,0.754032,0.2444703,0.00190062,0.9437869,0.017469242,1.20616947,13.21,2.57,13.61,0.73,0.78,1.85,0.19,0.19,-0.86,1.302886845,1.7
220613,8,30,24.2,24.2,24.8,0.25,1,2,3.5,0.6406685,0.38285115,0.004782185,0.65524,0.019905272,1.33631507,12.77,2.39,13.73,0.68,0.8,1.89,0.19,0.19,-0.86,1.076356317,1.8
220613,8,30,24.3,24.1,24.7,0.25,1,2,4,0.44065315,0.559966,0.008459675,0.450880369,0.01958,1.44887408,11.89,2.27,13.83,0.56,0.89,1.91,0.19,0.19,-0.86,0.851880249,2
220613,8,30,24.2,24.2,24.7,0.25,1,2,4.5,0.1753536,0.73623,0.013488785,0.288603184,0.020990552,1.53552643,11.39,2.15,13.78,0.49,0.92,1.96,0.19,0.19,-0.86,0.763532366,1.9
220613,8,30,22.7,22.8,23.3,0.25,1,2,5,-0.004823405,0.821043,0.01965593,0.004481185,0.020501978,1.56499387,11.16,2.18,13.79,0.41,0.93,2,0.19,0.19,-0.86,0.79303461,1.9
220613,8,30,,,,0.25,1,2,,,,,,,,,,,,,,0.19,0.19,-0.86,,
220613,8,30,,,,0.25,1,2,,,,,,,,,,,,,,0.19,0.19,-0.86,,
220614,9,30,21.6,21.7,22.1,0.25,0.5,1,0,0.48327375,-0.005766865,-0.00596829,1.0902781,0.00376505,0.013965134,13.57,5.26,11.54,0.8,0.81,0.82,0.2,0.19,1.18,0,0.1
220614,9,30,19.5,19.7,20.1,0.25,0.5,1,1,0.466157345,0.00237826,-0.00355676,1.0712556,0.00613372,0.630395601,13.56,3.74,12.98,0.79,0.79,0.84,0.2,0.19,1.18,5.232409079,0.6
220614,9,30,20.2,20.3,20.6,0.25,0.5,1,2,0.433008125,0.04099819,-0.00060569,0.7466796,0.009161842,0.822383943,13.33,3.08,13.36,0.79,0.79,0.81,0.2,0.19,1.18,2.905477988,1
220614,9,30,21.3,21.3,21.7,0.25,0.5,1,3,0.323587735,0.168370135,0.00037209,0.388439809,0.01416924,1.05373907,12.15,2.63,13.63,0.83,0.81,0.74,0.2,0.19,1.18,1.568251355,1.4
220614,9,30,21.1,20.7,21.5,0.25,0.5,1,4,0.00708185,0.433770235,0.004461995,0.007571535,0.018550922,1.25005068,10.73,2.31,13.74,0.9,0.9,0.62,0.2,0.19,1.18,0.870637683,0.8
220614,9,30,,,,0.25,0.5,1,,,,,,,,,,,,,,0.2,0.19,1.18,,
220614,9,30,,,,0.25,0.5,1,,,,,,,,,,,,,,0.2,0.19,1.18,,
220614,9,30,,,,0.25,0.5,1,,,,,,,,,,,,,,0.2,0.19,1.18,,
220614,9,30,,,,0.25,0.5,1,,,,,,,,,,,,,,0.2,0.19,1.18,,
220614,9,30,,,,0.25,0.5,1,,,,,,,,,,,,,,0.2,0.19,1.18,,
220615,10,30,22.8,22.9,23.2,0.25,3,6,0,2.22334885,-0.0056886,-0.0060002,5.6052698,0.005857143,0.586335459,14.75,11.19,12.64,0.82,0.82,1.82,0.18,0.18,0.18,0,0.2
220615,10,30,22.7,22.8,23.3,0.25,3,6,0.5,3.3639953,0.001075385,-0.003917635,5.1858378,0.00882534,1.253417665,14.71,10.84,13.17,0.9,0.79,1.8,0.18,0.18,0.18,7.558346539,1.2
220615,10,30,22.7,22.8,23.4,0.25,3,6,1,2.8887758,0.01741147,-0.002812965,4.7404832,0.011318142,1.461402077,14.61,3.84,13.48,0.91,0.77,1.75,0.18,0.18,0.18,5.526610089,1.5
220615,10,30,23.5,23.7,24,0.25,3,6,1.5,2.64436055,0.0489134,-0.000956705,4.4151032,0.014233802,1.666669135,14.54,3.41,13.46,0.95,0.74,1.73,0.18,0.18,0.18,4.248740884,1.9
220615,10,30,24,24,24.3,0.25,3,6,2,2.6296338,0.104461125,-0.00179508,3.9573792,0.017307128,1.539204497,14.49,3.15,13.48,0.95,0.73,1.69,0.18,0.18,0.18,3.230344302,2.1
220615,10,30,24.6,24.5,25.2,0.25,3,6,2.5,2.6821879,0.178598125,-0.000398215,3.71288,0.020176442,1.730149666,14.43,2.94,13.62,0.95,0.72,1.7,0.18,0.18,0.18,2.708158631,2.4
220615,10,30,25.2,25.2,25.7,0.25,3,6,3,2.28797285,0.25988117,0.00172433,3.2317178,0.019796832,1.8230375,14.37,2.82,13.75,0.95,0.72,1.68,0.18,0.18,0.18,2.459280512,2.6
220615,10,30,25.6,25.6,26.1,0.25,3,6,3.5,2.37551015,0.36678082,0.004805865,2.99502,0.022403808,2.01040534,14.29,2.69,13.8,0.92,0.73,1.7,0.18,0.18,0.18,2.174186996,2.8
220615,10,30,25.8,26,26.4,0.25,3,6,4,2.25713515,0.47412832,0.008268815,2.6769248,0.0239288,2.07187224,14.21,2.61,13.88,0.9,0.74,1.7,0.18,0.18,0.18,2.026957157,2.9
220615,10,30,,,,0.25,3,6,,,,,,,,,,,,,,0.18,0.18,0.18,,
220620,11,30,22.8,22.3,21.7,0.25,1,2,0,0.9885465,-0.006195,-0.006195,1.9230736,0.003626151,0.01261753,13.88,9.05,11.43,0.8,0.8,1.9,0.2,0.2,0.1,0,0.1
220620,11,30,21,21,22.8,0.25,1,2,1,0.9379955,0.009873,-0.004644535,1.6793136,0.007576866,0.788422459,13.85,3.6,12.86,0.84,0.79,1.78,0.2,0.2,0.1,4.084081778,0.9
220620,11,30,22.1,22.2,23.2,0.25,1,2,2,0.8801775,0.0714568,-0.00333441,1.2810421,0.011419964,1.15097387,13.68,2.97,13.28,0.82,0.79,1.81,0.2,0.2,0.1,2.48057891,1.4
220620,11,30,22.7,22.8,23.7,0.25,1,2,3,0.7854075,0.1989927,0.00063691,0.9762901,0.015149048,1.53879963,13.27,2.58,13.61,0.77,0.8,1.86,0.2,0.2,0.1,1.792157549,1.8
220620,11,30,23,23.3,23.6,0.25,1,2,4,0.550389,0.47321085,0.008290905,0.524936596,0.019905272,1.59448075,12.18,2.31,13.79,0.61,0.9,1.92,0.2,0.2,0.1,1.08997521,1.8
220620,11,30,23.1,23,23.6,0.25,1,2,5,0.038461435,0.8034745,0.01711646,0.210183109,0.020610522,1.59448075,11.16,2.18,13.8,0.5,1.1,1.92,0.2,0.2,0.1,0.730864992,1.5
220620,11,30,,,,0.25,1,2,,,,,,,,,,,,,,0.2,0.2,0.1,,
220620,11,30,,,,0.25,1,2,,,,,,,,,,,,,,0.2,0.2,0.1,,
220620,11,30,,,,0.25,1,2,,,,,,,,,,,,,,0.2,0.2,0.1,,
220620,11,30,,,,0.25,1,2,,,,,,,,,,,,,,0.2,0.2,0.1,,
220621,12,30,24.5,24,24.9,0.25,1,2,0,0.97582383,-0.006195,-0.006195,1.9175164,0.003652126,0.012656004,13.82,4.96,11.31,0.8,0.8,1.84,0.2,0.2,0.16,0,0.1
220621,12,30,20.8,21,21.6,0.25,1,2,1,0.935166485,-0.004632065,-0.00541778,1.7982301,0.004603265,0.030677798,13.82,10.69,12.4,0.88,0.79,1.8,0.2,0.2,0.16,14.88898519,0.3
220621,12,30,19.8,20,20.7,0.25,1,2,2,0.85757344,0.019034915,-0.003309575,1.4041936,0.00893749,0.697775025,13.75,3.6,13.13,0.95,0.74,1.74,0.2,0.2,0.16,2.769033068,0.5
220621,12,30,20,20.3,20.9,0.25,1,2,3,0.81875625,0.060770725,-0.002197625,1.2018924,0.011618291,0.804836523,13.65,3.15,13.32,0.95,0.74,1.72,0.2,0.2,0.16,2.049796265,0.7
220621,12,30,20.1,20.4,20.9,0.25,1,2,4,0.764485545,0.13008047,-0.00067562,1.0495276,0.014287608,0.92765675,13.5,2.91,13.47,0.91,0.72,1.7,0.2,0.2,0.16,1.6926432,0.8
220621,12,30,20.3,20.4,21,0.25,1,2,5,0.69799875,0.23700785,0.0014383,0.7736176,0.016875,1.06021467,13.17,2.71,13.54,0.88,0.78,1.76,0.2,0.2,0.16,1.301166851,0.9
220621,12,30,20.2,20.4,20.9,0.25,1,2,6,0.577157345,0.38974629,0.0046919,0.551441569,0.019200698,1.10395008,12.45,2.55,13.6,0.78,0.79,1.68,0.2,0.2,0.16,1.071773183,1
220621,12,30,20.2,20.3,20.9,0.25,1,2,7,0.388549725,0.5891707,0.009179025,0.403106164,0.021153482,1.15421875,11.75,2.44,13.7,0.7,0.8,1.8,0.2,0.2,0.16,0.825400319,1
220621,12,30,,,,0.25,1,2,,,,,,,,,,,,,,0.2,0.2,0.16,,
220621,12,30,,,,0.25,1,2,,,,,,,,,,,,,,0.2,0.2,0.16,,
220622,13,30,21.8,21.6,22.8,0.25,1,2,0,0.97871656,-0.00462933,-0.006195,1.8869661,0.00880932,0.013011966,13.86,11.54,11.41,0.8,0.8,1.84,0.2,0.2,0.16,0,0.1
220622,13,30,19.8,19.9,20.5,0.25,1,2,1,0.929270315,-0.001045285,-0.005027685,1.7871525,0.010670034,0.58841728,13.82,11.56,12.62,0.88,0.79,1.8,0.2,0.2,0.16,5.893694638,0.2
220622,13,30,19.1,19.3,20,0.25,1,2,3,0.866674065,0.007030465,-0.003380345,1.3630981,0.013061825,0.670489651,13.79,11.45,13.04,0.95,0.74,1.74,0.2,0.2,0.16,6.429151414,0.3
220622,13,30,19.1,19.3,20,0.25,1,2,5,0.813216485,0.017384555,-0.00176472,1.1610189,0.015149048,0.749986503,13.66,5.21,12.89,0.95,0.74,1.72,0.2,0.2,0.16,6.250935044,0.2
220622,13,30,19.6,19.8,20.5,0.25,1,2,7,0.771524455,0.03455682,-0.00020552,0.95191,0.018118058,0.813367864,13.53,4.18,13.33,0.91,0.72,1.7,0.2,0.2,0.16,4.94027255,0.3
220622,13,30,,,,0.25,1,2,,,,,,,,,,,,,,0.2,0.2,0.16,,
220622,13,30,,,,0.25,1,2,,,,,,,,,,,,,,0.2,0.2,0.16,,
220622,13,30,,,,0.25,1,2,,,,,,,,,,,,,,0.2,0.2,0.16,,
220624,14,30,24.7,24.7,25.3,0.25,3,6,0,2.907528125,-0.004343355,-0.005105665,5.1745322,0.01013485,0.58217212,14.76,11.59,12.67,0.85,0.8,1.72,0.15,0.2,0.28,0,0.1
220624,14,30,23.7,24,24.5,0.25,3,6,1,2.64040094,0.04634212,-0.003267865,4.577625,0.012261889,1.338733015,14.56,3.39,13.27,0.92,0.78,1.82,0.15,0.2,0.28,2.82037931,1.6
220624,14,30,25.2,25.6,26,0.25,3,6,3,2.35583625,0.36325203,0.005028675,3.0885098,0.020067962,1.9522135,14.25,2.58,13.79,0.9,0.75,1.69,0.15,0.2,0.28,1.776434704,2.6
220624,14,30,26,26.4,26.8,0.25,3,6,4,2.234660625,0.8773626,0.012711805,2.55662,0.022621472,2.25328984,14.07,2.38,13.85,0.9,0.8,1.79,0.15,0.2,0.28,1.045547831,2.8
220624,14,30,26.2,26.4,26.8,0.25,3,6,6,1.91542531,1.19644375,0.036425385,1.5580152,0.025784792,2.75412864,13.46,2.2,14.09,0.6,0.95,1.88,0.15,0.2,0.28,1.125872065,2.8
220624,14,30,,,,0.25,3,6,7,1.58210375,1.5123958,0.050324,1.251948962,0.0266598,2.93368934,13.01,2.1,14.2,0.4,1.1,1.9,0.15,0.2,0.28,0.938503748,2.6
220624,14,30,,,,0.25,3,6,,,,,,,,,,,,,,0.15,0.2,0.28,,
220624,14,30,,,,0.25,3,6,,,,,,,,,,,,,,0.15,0.2,0.28,,
220624,14,30,,,,0.25,3,6,,,,,,,,,,,,,,0.15,0.2,0.28,,
220627,15,30,26,26.1,26.9,0.25,1,2,0,0.982066015,-0.00580286,-0.005775015,1.9369701,0.003784137,0.014951507,13.9,9.69,11.69,0.81,0.81,1.8,0.19,0.19,0.2,0,0.2
220627,15,30,23.4,23.7,24.4,0.25,1,2,1,0.93744297,0.00825099,-0.00371678,1.5942662,0.006905518,0.0825735,13.85,3.62,12.85,0.88,0.79,1.78,0.19,0.19,0.2,4.249573907,0.8
220627,15,30,22.8,22.9,23.4,0.25,1,2,3,0.868453045,0.074556125,-0.002160395,1.1287928,0.010600438,0.23167544,13.65,2.96,13.24,0.85,0.79,1.78,0.19,0.19,0.2,4.652035452,1.8
220627,15,30,23.4,23.4,23.9,0.25,1,2,4,0.769744845,0.21767953,-0.000154385,0.5906862,0.014341418,0.45972454,13.31,2.57,13.5,0.749,0.81,1.79,0.19,0.19,0.2,2.567727015,1.8
220627,15,30,23.2,23.1,23.9,0.25,1,2,6,0.0108308,0.8237644,0.00911553,0.014233802,0.02093625,0.86148854,10.91,2.11,13.7,0.48,1.1,1.95,0.19,0.19,0.2,0.7072098,0.6
220627,15,30,,,,0.25,1,2,,,,,,,,,,,,,,0.19,0.19,0.2,,
220627,15,30,,,,0.25,1,2,,,,,,,,,,,,,,0.19,0.19,0.2,,
220627,15,30,,,,0.25,1,2,,,,,,,,,,,,,,0.19,0.19,0.2,,
220627,15,30,,,,0.25,1,2,,,,,,,,,,,,,,0.19,0.19,0.2,,
220629,16,10,23.6,23.6,24.3,0.25,1,2,0,0.99474461,-0.006195,-0.006195,1.94402,0.003672271,0.013364868,13.84,8.45,11.59,0.81,0.82,1.82,0.19,0.18,0.18,0,0
220629,16,10,20.3,20.5,21.1,0.25,1,2,1,0.94515039,-0.005795525,-0.00552235,1.8053672,0.004057781,0.027443449,13.89,10.65,12.32,0.89,0.79,1.74,0.19,0.18,0.18,5.916283773,0.1
220629,16,10,19.2,19.5,20,0.25,1,2,2,0.90080844,-0.00440763,-0.004741635,1.6482312,0.006213522,0.047392598,13.81,11.26,12.65,0.95,0.76,1.7,0.19,0.18,0.18,3.501741902,0.2
220629,16,10,19.1,19.2,19.9,0.25,1,2,3,0.863724845,-0.001419455,-0.003906025,1.4849208,0.008878742,0.075578485,13.8,11.48,12.89,1,0.74,1.69,0.19,0.18,0.18,2.983329468,0.2
220629,16,10,19.3,19.5,20.1,0.25,1,2,4,0.870966405,0.002234375,-0.003034375,1.3181742,0.010450561,0.108846,13.7,11.4,13.01,0.96,0.71,1.74,0.19,0.18,0.18,2.686671631,0.2
220629,16,10,,,,0.25,1,2,,,,,,,,,,,,,,0.19,0.18,0.18,,
220629,16,10,,,,0.25,1,2,,,,,,,,,,,,,,0.19,0.18,0.18,,
220629,16,10,,,,0.25,1,2,,,,,,,,,,,,,,0.19,0.18,0.18,,
220630,17,30,26.4,26.5,27,0.25,3,6,0,2.8289365,0.00270957,-0.004663895,5.05879,0.006969428,0.056369954,14.73,4.53,12.64,0.84,0.8,1.77,0.16,0.2,0.23,0,1
220630,17,30,24.6,25,25.3,0.25,3,6,1,2.6866297,0.06995248,-0.00241775,4.1513776,0.013470188,0.29793144,14.52,3.22,13.35,0.9,0.78,1.72,0.16,0.2,0.23,2.255018596,1.7
220630,17,30,25,25.3,25.6,0.25,3,6,2,2.53602735,0.217948085,0.000418485,3.5221264,0.017847648,0.61951014,14.38,2.8,13.65,0.93,0.78,1.69,0.16,0.2,0.23,1.776687008,2.3
220630,17,30,25.6,26,26.4,0.25,3,6,3,2.4083578,0.421681055,0.00606283,2.7969525,0.021370778,1.41132267,14.19,2.54,13.78,0.89,0.79,1.69,0.16,0.2,0.23,1.571598935,2.7
220630,17,30,26.3,26.6,26.9,0.25,3,6,4,2.1634496,0.67609805,0.01465566,2.1655861,0.024146912,1.74385088,14.02,2.41,13.94,0.8,0.81,1.74,0.16,0.2,0.23,1.415505539,2.9
220630,17,30,26.6,26.8,27.2,0.25,3,6,5,2.1651541,0.93351515,0.024000655,1.6268869,0.02583945,1.96140272,13.82,2.31,14.04,0.7,0.9,1.94,0.16,0.2,0.23,1.251769471,2.9
220630,17,30,,,,0.25,3,6,,,,,,,,,,,,,,0.16,0.2,0.23,,
220630,17,30,,,,0.25,3,6,,,,,,,,,,,,,,0.16,0.2,0.23,,
220630,17,30,,,,0.25,3,6,,,,,,,,,,,,,,0.16,0.2,0.23,,
220630,17,30,,,,0.25,3,6,,,,,,,,,,,,,,0.16,0.2,0.23,,
220704,18,20,26.7,26.6,27.3,0.25,3,6,0,2.8496455,-0.00569794,-0.005563735,4.5553221,0.005453108,0.026595973,14.7,11.1,12.23,0.86,0.8,1.79,0.14,0.2,0.21,0,0.1
220704,18,20,22.5,22.5,23.1,0.25,3,6,3,2.33701385,0.138303595,0.000808355,3.1450429,0.013491688,0.56346774,14.32,3.26,13.61,1.04,0.69,1.64,0.14,0.2,0.21,1.738799461,1.4
220704,18,20,22.6,22.9,23.3,0.25,3,6,4,2.29388985,0.260849045,0.0048852,2.7713916,0.025784792,0.82793976,14.24,2.99,13.72,1.045,0.67,1.62,0.14,0.2,0.21,1.435288846,1.6
220704,18,20,23,23.1,23.6,0.25,3,6,5,2.17278555,0.409563435,0.01044025,2.3618101,0.029510648,1.47828428,14.07,2.86,13.78,1.03,0.68,1.61,0.14,0.2,0.21,1.237468026,1.7
220704,18,20,22.9,23.1,23.6,0.25,3,6,6,2.04360155,0.58070746,0.018268405,2.0399596,0.033199802,1.65023123,13.99,2.73,13.86,0.99,0.69,1.68,0.14,0.2,0.21,1.107823184,1.7
220704,18,20,22.5,22.7,23.3,0.25,3,6,7,1.9599875,0.779906565,0.02834515,1.7622396,0.036407898,1.82448675,13.85,2.7,13.94,0.95,0.69,1.69,0.14,0.2,0.21,1.006955376,1.7
220704,18,20,,,,0.25,3,6,,,,,,,,,,,,,,0.14,0.2,0.21,,
220704,18,20,,,,0.25,3,6,,,,,,,,,,,,,,0.14,0.2,0.21,,
220704,18,20,,,,0.25,3,6,,,,,,,,,,,,,,0.14,0.2,0.21,,
220705,19,10,24.7,24.9,25.5,0.25,3,6,0,2.8496455,-0.00569794,-0.005563735,5.1427564,0.004693513,0.046293137,14.73,10.9,12.55,0.749,0.79,1.8,0.251,0.21,0.2,0,0
220705,19,10,21.8,21.8,22.5,0.25,3,6,1,2.33701385,0.138303595,0.000808355,4.3307725,0.027316728,0.14053304,14.53,12.28,13.11,1.41,0.73,1.73,0.251,0.21,0.2,0.074760905,0.4
220705,19,10,21,21.1,21.7,0.25,3,6,2,2.29388985,0.260849045,0.0048852,3.7540944,0.040966442,0.23799736,14.4,12.41,13.29,1.07,0.68,1.64,0.251,0.21,0.2,0.115255371,0.5
220705,19,10,20.6,20.8,21.3,0.25,3,6,4,2.17278555,0.409563435,0.01044025,3.0248725,0.056393738,0.44284736,14.34,12.52,13.64,1.25,0.61,1.58,0.251,0.21,0.2,0.187888277,0.4
220705,19,10,,,,0.25,3,6,,,,,,,,,,,,,,0.251,0.21,0.2,,
220705,19,10,,,,0.25,3,6,,,,,,,,,,,,,,0.251,0.21,0.2,,
220705,19,10,,,,0.25,3,6,,,,,,,,,,,,,,0.251,0.21,0.2,,
220705,19,10,,,,0.25,3,6,,,,,,,,,,,,,,0.251,0.21,0.2,,
220706,20,30,23.7,23.9,24.5,0.25,3,6,0,3.0317594,-0.000940175,-0.005873355,2.2085,0.006969428,0.019457501,14.56,11.33,12.07,0.81,0.81,1.71,0.19,0.19,0.29,0,0.2
220706,20,30,25.1,25.3,25.7,0.25,3,6,1.783333333,2.682516,0.165345705,-0.00247533,3.6466501,0.01714505,0.51134176,14.42,2.94,13.53,0.95,0.78,1.71,0.19,0.19,0.29,1.945105565,2.2
220706,20,30,26.1,26.3,26.7,0.25,3,6,2.783333333,2.48461915,0.355274685,0.001608755,3.0020229,0.020990552,0.88317176,14.28,2.7,13.75,0.91,0.78,1.7,0.19,0.19,0.29,1.716582471,2.8
220706,20,30,26.7,27,27.4,0.25,3,6,3.783333333,2.34131405,0.612519845,0.008880835,1.624295,0.024146912,1.67649075,14.09,2.49,13.85,0.82,0.81,1.74,0.19,0.19,0.29,1.493683529,3
220706,20,30,27.1,27.2,27.7,0.25,3,6,4.783333333,2.20441835,0.91613789,0.019599025,1.2025062,0.026276858,1.96966387,13.77,2.33,13.95,0.71,0.89,1.8,0.19,0.19,0.29,1.258699531,3
220706,20,30,27,27.2,27.7,0.25,3,6,5.783333333,2.00946075,1.236499845,0.032478025,0.8775,0.027535832,2.11862107,13.51,2.26,14.19,0.58,0.97,1.85,0.19,0.19,0.29,1.097725856,2.9
220706,20,30,,,,0.25,3,6,,,,,,,,,,,,,,0.19,0.19,0.29,,
220706,20,30,,,,0.25,3,6,,,,,,,,,,,,,,0.19,0.19,0.29,,
220706,20,30,,,,0.25,3,6,,,,,,,,,,,,,,0.19,0.19,0.29,,
220706,20,30,,,,0.25,3,6,,,,,,,,,,,,,,0.19,0.19,0.29,,
220712,21,30,22.7,22.8,23.6,0.25,3,6,0,2.54596875,-0.006195,-0.006195,5.0977549,0.005734845,0.020071714,14.78,11.23,11.96,0.9,0.8,1.85,0.1,0.2,0.15,0,0.1
220712,21,30,23.1,23.4,23.8,0.25,3,6,1,2.7560791,0.039340885,-0.002805075,4.4838,0.013137033,0.22146784,14.6,3.49,13.25,0.9,0.78,1.8,0.1,0.2,0.15,3.150586122,1.7
220712,21,30,24.6,25,25.2,0.25,3,6,2,2.6258533,0.173129005,0.000194105,3.615128,0.018659178,0.55042296,14.41,2.9,13.57,0.91,0.78,1.75,0.1,0.2,0.15,2.10416494,2.4
220712,21,30,26,26.3,26.7,0.25,3,6,3,2.41542655,0.37460246,0.00553571,2.810808,0.022403808,0.930494,14.33,2.71,13.81,0.87,0.8,1.71,0.1,0.2,0.15,1.72680681,2.8
220712,21,30,26.7,27.4,27.5,0.25,3,6,4,2.4079504,0.649897655,0.014161255,2.155118,0.024910808,1.338256,14.1,2.49,13.93,0.79,0.83,1.82,0.1,0.2,0.15,1.447242571,3
220712,21,30,27.4,27.7,28.1,0.25,3,6,5,2.17542345,0.93435844,0.02537061,1.6118,0.026495658,1.7204,13.83,2.34,13.87,0.69,0.91,1.71,0.1,0.2,0.15,1.253678511,3
220712,21,30,,,,0.25,3,6,,,,,,,,,,,,,,0.1,0.2,0.15,,
220712,21,30,,,,0.25,3,6,,,,,,,,,,,,,,0.1,0.2,0.15,,
220712,21,30,,,,0.25,3,6,,,,,,,,,,,,,,0.1,0.2,0.15,,
220712,21,30,,,,0.25,3,6,,,,,,,,,,,,,,0.1,0.2,0.15,,
220713,22,30,24.3,24.3,24.7,0.25,3,6,0,2.62214885,-0.006195,-0.006195,4.953368,0.004645733,0.01813357,14.7,10.8,11.87,0.8,0.8,5.79,0.2,0.2,0.21,0,0.2
220713,22,30,28.8,29,29,0.25,3,6,1,3.0432574,0.02992748,-0.00461733,4.44395,0.011956108,0.13724966,14.63,3.58,13.04,0.93,0.78,5.68,0.2,0.2,0.21,3.687505012,1.7
220713,22,30,22.3,22.6,22.8,0.25,3,6,3,1.7878748,0.0970666,-0.00226914,2.5025,0.020067962,0.23404256,14.42,3.64,13.27,1,0.7,5.69,0.2,0.2,0.21,7.239258066,2.9
220713,22,30,26,26.2,26.5,0.25,3,6,5,2.16056095,0.56678336,0.002323795,1.5917742,0.026003448,0.5888375,14.09,2.65,13.59,0.9,0.78,5.6,0.2,0.2,0.21,2.323454344,2.6
220713,22,30,26.4,26.6,27,0.25,3,6,6,1.9941328,0.89873375,0.00696895,1.1146982,0.026331552,0.75104294,13.76,2.38,13.61,0.76,0.89,5.6,0.2,0.2,0.21,1.603845471,2.3
220713,22,30,26.2,26.4,26.8,0.25,3,6,7,1.6672172,1.268526405,0.0130987,0.7409528,0.025948778,0.88038166,13.25,2.18,13.7,0.61,0.98,5.6,0.2,0.2,0.21,1.152551097,
220713,22,30,26,26,26.4,0.25,3,6,8,1.2357908,1.612033905,0.019398325,0.4961582,0.025730138,0.964814,12.39,2.09,13.84,0.5,1.1,5.6,0.2,0.2,0.21,0.824206307,
220713,22,30,,,,0.25,3,6,,,,,,,,,,,,,,0.2,0.2,0.21,,
220713,22,30,,,,0.25,3,6,,,,,,,,,,,,,,0.2,0.2,0.21,,
220714,23,30,22.7,22.8,23.4,0.25,3,6,0,3.1465758,-0.005463035,-0.004927605,5.318568,0.00483156,0.023376474,14.64,10.9,12.16,0.8,0.81,2.59,0.2,0.19,0.41,0,0.2
220714,23,30,23.7,23.9,24.4,0.25,3,6,1,2.82672635,0.03173328,-0.00350529,4.491782,0.011720155,0.1504415,14.54,3.64,13.11,0.9,0.78,2.58,0.2,0.19,0.41,3.239008466,1.5
220714,23,30,26.7,27.1,27.4,0.25,3,6,3,2.4659539,0.36224672,0.001496155,2.917638,0.02093625,0.591294,14.32,2.58,13.59,0.9,0.79,2.66,0.2,0.19,0.41,1.652260279,2.6
220714,23,30,27.7,28.2,28.3,0.25,3,6,4,2.3397953,0.65969164,0.00677165,2.2022,0.023056992,0.85872184,14.13,2.43,13.71,0.81,0.82,2.68,0.2,0.19,0.41,1.339004259,2.8
220714,23,30,28.4,28.5,29.2,0.25,3,6,5,2.1254424,0.949564765,0.01486921,1.573592,0.024310538,1.136784,13.84,2.28,13.72,0.7,0.91,2.6,0.2,0.19,0.41,1.157718428,2.9
220714,23,30,28.4,28.6,29,0.25,3,6,6,2.09925995,1.25138586,0.024912305,1.09724768,0.024965402,1.2818016,13.45,2.12,13.91,0.58,1,2.6,0.2,0.19,0.41,1.021963132,2.7
220714,23,30,28.2,28.2,28.8,0.25,3,6,7,1.4578088,1.56348328,0.035674895,0.74442458,0.02529305,1.4236134,12.74,2.02,13.92,0.37,1,2.69,0.2,0.19,0.41,0.975568568,2.5
220714,23,30,,,,0.25,3,6,,,,,,,,,,,,,,0.2,0.19,0.41,,
220714,23,30,,,,0.25,3,6,,,,,,,,,,,,,,0.2,0.19,0.41,,
220714,23,30,,,,0.25,3,6,,,,,,,,,,,,,,0.2,0.19,0.41,,
220719,25,20,23,23.2,23.8,0.25,1,2,0,0.94828547,-0.005637835,-0.00598971,1.7402472,0.004566108,0.015707313,,,,0.89,0.85,1.8,0.11,0.15,0.2,0,0.1
220719,25,20,20.6,20.7,21.4,0.25,1,2,2,0.839428905,0.018852555,-0.00384429,1.2666312,0.00882,0.12962624,,,,0.99,0.8,1.79,0.11,0.15,0.2,2.679323226,0.6
220719,25,20,20.9,21.1,21.7,0.25,1,2,4,0.745995705,0.12373867,-0.00136348,0.7437542,0.013330459,0.32888416,13.476,3,13.484,0.98,0.79,1.79,0.11,0.15,0.2,1.438265703,0.9
220719,25,20,22.5,22.5,23.1,0.25,1,2,9,0.02503786,0.747448205,0.027613645,0.020176442,0.023438282,0.813776,11.332,2.463,13.844,0.73,0.9,2,0.11,0.15,0.2,0.635727636,0.5
220719,25,20,,,,0.25,1,2,,,,,,,,,,,,,,0.11,0.15,0.2,,
220719,25,20,,,,0.25,1,2,,,,,,,,,,,,,,0.11,0.15,0.2,,
220719,25,20,,,,0.25,1,2,,,,,,,,,,,,,,0.11,0.15,0.2,,
220719,25,20,,,,0.25,1,2,,,,,,,,,,,,,,0.11,0.15,0.2,,
220719,25,20,,,,0.25,1,2,,,,,,,,,,,,,,0.11,0.15,0.2,,
220719,25,20,,,,0.25,1,2,,,,,,,,,,,,,,0.11,0.15,0.2,,
220721,26,10,26,26.1,26.6,0.25,1,2,0,1.034699065,-0.005930885,-0.005647625,1.8581832,0.003888067,0.014681507,13.755,10.123,11.391,0.81,0.85,1.89,0.19,0.15,0.11,0,0
220721,26,10,20.8,21.1,21.5,0.25,1,2,2,0.922139375,-0.001948585,-0.00347762,1.549655,0.008526361,0.060924773,13.875,11.443,12.762,0.95,0.8,1.8,0.19,0.15,0.11,2.562344256,0.2
220721,26,10,19.7,19.8,20.4,0.25,1,2,4,0.857924845,0.005983875,-0.00162763,1.242855,0.011596847,0.12745784,13.702,11.472,13.115,1.02,0.78,1.75,0.19,0.15,0.11,2.196900922,0.2
220721,26,10,,,,0.25,1,2,,,,,,,,,,,,,,0.19,0.15,0.11,,
220721,26,10,,,,0.25,1,2,,,,,,,,,,,,,,0.19,0.15,0.11,,
220721,26,10,,,,0.25,1,2,,,,,,,,,,,,,,0.19,0.15,0.11,,
220728,27,10,26.2,26.2,26.8,0.25,3,6,0,2.96191365,-0.00579318,-0.005589475,5.159918,0.009936934,0.040716141,14.465,11.616,12.44,0.85,0.83,1.82,0.15,0.17,0.18,0,0
220728,27,10,24,24.6,24.7,0.25,3,6,1,2.6751949,-0.003894505,-0.00394581,4.372472,0.022295,0.12205574,14.322,12.216,13.01,0.99,0.79,1.78,0.15,0.17,0.18,5.298429399,0.4
220728,27,10,,,,0.25,3,6,3,2.342917,0.01207564,-0.001480395,3.3318,0.041803232,0.32972984,14.319,12.462,13.421,1.15,0.7,1.69,0.15,0.17,0.18,2.484123823,0.4
220728,27,10,20,20.4,20.7,0.25,3,6,4,2.2108656,0.02495337,0.00011754,2.78955,0.04802345,0.42973414,14.265,12.514,13.574,1.21,0.65,1.63,0.15,0.17,0.18,2.105902814,0.4
220728,27,10,19.8,20.2,20.6,0.25,3,6,5,2.10665625,0.03887735,0.001766025,2.676782,0.053612792,0.52079936,14.281,12.507,13.625,1.29,0.6,1.6,0.15,0.17,0.18,1.958330207,0.4
220728,27,10,19.8,20.1,20.5,0.25,3,6,7,1.9879281,0.07344678,0.00593152,2.351448,0.064909088,0.68377976,14.187,12.489,13.712,1.36,0.52,1.54,0.15,0.17,0.18,1.737015879,0.3
220728,27,10,,,,0.25,3,6,,,,,,,,,,,,,,0.15,0.17,0.18,,
220728,27,10,,,,0.25,3,6,,,,,,,,,,,,,,0.15,0.17,0.18,,
220728,27,10,,,,0.25,3,6,,,,,,,,,,,,,,0.15,0.17,0.18,,
220802,28,30,26.3,26.7,26.8,0.25,3,6,0,2.89305685,0.00313871,-0.005714995,5.268312,0.00921527,0.039988329,14.518,10.886,12.426,0.82,0.85,5.9,0.18,0.15,0.1,0,0.1
220802,28,30,26,26.3,26.6,0.25,3,6,1,2.7389094,0.07848831,-0.005136265,4.136552,0.013755105,0.11918566,14.438,3.394,12.926,0.9,0.84,5.75,0.18,0.15,0.1,1.913116321,1.7
220802,28,30,26.8,27.3,27.3,0.25,3,6,3,2.3721416,0.457045705,-0.001420535,2.530328,0.020610522,0.35790656,14.081,2.737,13.265,0.9,0.88,5.7,0.18,0.15,0.1,1.348034309,2.5
220802,28,30,27.4,27.8,27.9,0.25,3,6,4,2.33523985,0.71304703,0.00193518,1.922648,0.022295,0.4837215,13.831,2.549,13.469,0.8,0.91,5.7,0.18,0.15,0.1,1.219474699,2.6
220802,28,30,27.6,28,28.1,0.25,3,6,5,2.0386996,0.983713435,0.00603521,1.397192,0.0233838,0.60758214,13.577,2.428,13.56,0.7,1,5.75,0.18,0.15,0.1,1.070469176,2.6
220802,28,30,27,27.2,27.5,0.25,3,6,6,1.701408,1.317104375,0.01159205,0.94073642,0.024037848,0.71950934,13.105,2.286,13.597,0.55,1.12,5.7,0.18,0.15,0.1,0.889761471,2.4
220802,28,30,26.4,26.5,27,0.25,3,6,7,1.21802365,1.58742172,0.018365935,0.6335945,0.0244742,0.81214694,12.557,2.209,13.68,0.39,1.24,5.8,0.18,0.15,0.1,0.785846477,2
220802,28,30,25.7,25.8,26.2,0.25,3,6,8,0.5831327,2.111033125,0.024943755,0.2641752,0.024637898,0.8826135,11.954,2.173,13.75,0.2,1.35,5.9,0.18,0.15,0.1,0.614033417,1.8
220802,28,30,,,,0.25,3,6,,,,,,,,,,,,,,0.18,0.15,0.1,,
220802,28,30,,,,0.25,3,6,,,,,,,,,,,,,,0.18,0.15,0.1,,
220823,30,20,25.4,25.4,25.9,0.25,3,6,0,3.42791875,-0.00532275,-0.00562907,5.352152,0.008131473,0.031037897,14.677,11.481,12.388,0.8,0.8,1.8,0.2,0.2,0.2,0,0.1
220823,30,20,22.7,22.8,23,0.25,3,6,1,3.0539203,0.013905965,-0.00399127,4.317102,0.010268609,0.186,14.644,4.139,13.263,0.9,0.79,1.72,0.2,0.2,0.2,2.300281695,0.7
220823,30,20,22,22.1,22.6,0.25,3,6,4,2.45516035,0.190164355,0.00287158,2.960622,0.018984042,0.6740415,14.4,3.201,13.801,1,0.75,1.65,0.2,0.2,0.2,1.357304276,1.1
220823,30,20,22,22,22.5,0.25,3,6,5,2.37457815,0.317061365,0.00767982,2.620782,0.021262122,0.86814086,14.264,3.054,13.842,1,0.75,1.65,0.2,0.2,0.2,1.086874073,1.1
220823,30,20,22.1,22.2,22.5,0.25,3,6,6,2.1416742,0.42498496,0.01368134,2.392488,0.023274848,1.052504,14.124,2.954,13.986,1,0.75,1.65,0.2,0.2,0.2,1.025685479,1.2
220823,30,20,22.2,22.4,22.6,0.25,3,6,8,2.11395685,0.66806633,0.02915261,1.53122,0.027261962,1.390544,14.063,2.83,14.062,1,0.75,1.65,0.2,0.2,0.2,0.93312266,1.2
220823,30,20,,,,0.25,3,6,,,,,,,,,,,,,,0.2,0.2,0.2,,
220823,30,20,,,,0.25,3,6,,,,,,,,,,,,,,0.2,0.2,0.2,,
220823,30,20,,,,0.25,3,6,,,,,,,,,,,,,,0.2,0.2,0.2,,
220823,30,20,,,,0.25,3,6,,,,,,,,,,,,,,0.2,0.2,0.2,,
220919,31,30,23.1,23.2,23.8,0.25,3,6,0,3.08501975,-0.004104945,-0.005372285,5.8982,0.008222171,0.026628554,14.645,11.557,12.342,0.8,0.8,2.9,0.2,0.2,0.1,0,0.1
220919,31,30,22.4,22.5,23.1,0.25,3,6,1,2.8582635,0.03498808,-0.00423065,4.830638,0.009926237,0.14345976,14.651,3.732,13.216,0.9,0.8,2.8,0.2,0.2,0.1,2.754508263,1.2
220919,31,30,23,23.3,23.7,0.25,3,6,2,2.8289176,0.107731075,-0.00312147,4.0122,0.012530225,0.27943014,14.664,3.234,13.447,0.92,0.79,2.8,0.2,0.2,0.1,2.369582459,1.6
220919,31,30,23.6,23.9,24.3,0.25,3,6,3,2.5346037,0.232279165,-0.00016848,3.376152,0.015095178,0.46707366,14.496,2.92,13.582,0.95,0.8,2.7,0.2,0.2,0.1,1.902773312,1.8
220919,31,30,24.2,24.5,24.7,0.25,3,6,4,2.4190838,0.382327305,0.00391591,2.853432,0.017253098,0.6740415,14.386,2.757,13.71,0.9,0.8,2.7,0.2,0.2,0.1,1.704021211,2
220919,31,30,24.6,24.7,25.2,0.25,3,6,5,2.19758945,0.55279472,0.00919334,2.330982,0.0190382,0.8826135,14.082,2.712,13.716,0.9,0.8,2.7,0.2,0.2,0.1,1.57827522,2.1
220919,31,30,,,,0.25,3,6,,,,,,,,,,,,,,0.2,0.2,0.1,,
220919,31,30,,,,0.25,3,6,,,,,,,,,,,,,,0.2,0.2,0.1,,
220919,31,30,,,,0.25,3,6,,,,,,,,,,,,,,0.2,0.2,0.1,,
220921,32,20,22.6,22.8,23.3,0.25,1,2,0,1.02372039,-0.005857075,-0.006195,2.08142,0.003961251,0.013573469,13.993,10.391,11.641,0.8,0.8,1.85,0.2,0.2,0.15,0,0.1
220921,32,20,19.5,19.8,20.2,0.25,1,2,1,0.96832961,-0.00074453,-0.005446415,1.8635,0.005681678,0.052406618,13.985,4.519,12.899,0.85,0.8,1.8,0.2,0.2,0.15,3.739587226,0.3
220921,32,20,17.1,17.4,17.7,0.25,1,2,3,0.89274406,0.037345035,-0.003832125,1.3999622,0.008964195,0.17390144,14.08,3.524,13.42,0.9,0.8,1.75,0.2,0.2,0.15,2.038554687,0.6
220921,32,20,17.1,17.3,17.7,0.25,1,2,4,0.85532094,0.074910535,-0.002745735,1.142955,0.010621851,0.26197816,13.992,3.326,13.612,0.9,0.8,1.75,0.2,0.2,0.15,1.640197564,0.6
220921,32,20,17.2,17.3,17.7,0.25,1,2,5,0.81537906,0.12038615,-0.00147913,0.9103878,0.012149218,0.35317414,13.882,3.182,13.639,0.9,0.8,1.75,0.2,0.2,0.15,1.451910487,0.7
220921,32,20,17.2,17.4,17.8,0.25,1,2,6,0.773248595,0.18306043,0.00039443,0.701195,0.013669081,0.44557304,13.735,3.06,13.752,0.87,0.8,1.78,0.2,0.2,0.15,1.244456751,0.7
220921,32,20,17.1,17.3,17.6,0.25,1,2,7,0.715058515,0.263886895,0.003504005,0.525995,0.015202922,0.53698744,13.557,2.937,13.802,0.82,0.8,1.79,0.2,0.2,0.15,1.063621429,0.7
220921,32,20,,,,0.25,1,2,,,,,,,,,,,,,,0.2,0.2,0.15,,
220921,32,20,,,,0.25,1,2,,,,,,,,,,,,,,0.2,0.2,0.15,,
220921,32,20,,,,0.25,1,2,,,,,,,,,,,,,,0.2,0.2,0.15,,
220922,33,30,18.1,18.3,18.7,0.25,1,2,0,1.009335235,-0.005888195,-0.006195,2.08142,0.003771412,0.012944611,13.945,9.426,11.565,0.8,0.8,1.85,0.2,0.2,0.15,0,0.1
220922,33,30,18,18.2,18.6,0.25,1,2,2,0.93057117,0.04160656,-0.00427929,1.47042,0.008713208,0.163416,14.048,3.385,13.423,0.9,0.8,1.8,0.2,0.2,0.15,4.674918308,1
220922,33,30,18.9,19.2,19.4,0.25,1,2,3,0.873920705,0.11004742,-0.002969835,1.067495,0.011055614,0.29958776,13.882,3.051,13.549,0.85,0.82,1.8,0.2,0.2,0.15,3.503733946,1.2
220922,33,30,19.5,19.7,20,0.25,1,2,4,0.777511405,0.21881746,-0.00093827,0.66938,0.013679833,0.46799446,13.61,2.917,13.683,0.8,0.82,1.85,0.2,0.2,0.15,2.76766592,1.3
220922,33,30,19.7,19.9,20.1,0.25,1,2,5,0.653966955,0.357873085,0.00171729,0.3981272,0.016119392,0.61701944,13.24,2.692,13.774,0.7,0.88,1.85,0.2,0.2,0.15,2.174071077,1.2
220922,33,30,19.3,19.4,19.8,0.25,1,2,6,0.50891797,0.53300082,0.005449975,0.2296952,0.018442682,0.74839864,12.637,2.607,13.822,0.6,0.9,1.9,0.2,0.2,0.15,1.777882497,1
220922,33,30,,,,0.25,1,2,,,,,,,,,,,,,,0.2,0.2,0.15,,
220922,33,30,,,,0.25,1,2,,,,,,,,,,,,,,0.2,0.2,0.15,,
220922,33,30,,,,0.25,1,2,,,,,,,,,,,,,,0.2,0.2,0.15,,
220922,33,30,,,,0.25,1,2,,,,,,,,,,,,,,0.2,0.2,0.15,,
220926,34,30,21.6,21.8,22.2,0.25,0.5,1,0,0.5067999,-0.00563047,-0.00544475,1.0022958,0.003707261,0.011848421,13.711,4.657,11.036,0.8,0.8,1.85,0.2,0.2,0.15,0,0.1
220926,34,30,19.5,19.8,20.1,0.25,0.5,1,2,0.45419496,0.035601345,-0.0040366,0.6054728,0.007870114,0.11560886,13.522,3.266,13.207,0.8,0.8,1.85,0.2,0.2,0.15,2.33341112,0.7
220926,34,30,19.7,19.8,20.2,0.25,0.5,1,3,0.388299295,0.110820705,-0.003230925,0.3119462,0.010777119,0.22420806,13.213,2.991,13.405,0.8,0.8,1.85,0.2,0.2,0.15,1.641257859,0.9
220926,34,30,19.2,19.4,19.8,0.25,0.5,1,4,0.24234008,0.247246465,-0.001872095,0.126695,0.014233802,0.33396544,12.296,2.695,13.574,0.7,0.85,1.9,0.2,0.2,0.15,1.089940006,0.8
220926,34,30,18.8,19,19.3,0.25,0.5,1,5,0.06630885,0.39022121,9.72E-05,0.038294762,0.016713018,0.40914086,11.339,2.588,13.64,0.65,0.9,1.9,0.2,0.2,0.15,0.856660538,0.7
220926,34,30,17.6,17.8,18.2,0.25,0.5,1,6,-0.00604808,0.44070422,0.002793755,0.003797393,0.017523288,0.4378615,10.267,2.554,13.707,0.6,0.9,1.9,0.2,0.2,0.15,0.861899335,0.1
220926,34,30,,,,0.25,0.5,1,,,,,,,,,,,,,,0.2,0.2,0.15,,
220926,34,30,,,,0.25,0.5,1,,,,,,,,,,,,,,0.2,0.2,0.15,,
220926,34,30,,,,0.25,0.5,1,,,,,,,,,,,,,,0.2,0.2,0.15,,
220926,34,30,,,,0.25,0.5,1,,,,,,,,,,,,,,0.2,0.2,0.15,,
220929,35,20,20.7,20.8,21.2,0.25,3,6,0,2.98158635,-0.005681185,-0.00577572,5.623128,0.004121435,0.021074781,14.788,10.673,12.273,0.8,0.8,1.85,0.2,0.2,0.15,0,0.1
220929,35,20,20,20.2,20.4,0.25,3,6,1,2.7989117,-0.002053745,-0.00441453,4.781798,0.007081286,0.1124,14.758,11.382,13.21,0.9,0.8,1.8,0.2,0.2,0.15,11.49129792,0.5
220929,35,20,17.6,18,18.3,0.25,3,6,4,2.4450117,0.073770195,-0.00026625,3.317048,0.012277986,0.46891574,14.567,3.464,13.763,1.1,0.7,1.65,0.2,0.2,0.15,3.548385817,0.7
220929,35,20,17.8,18.1,18.3,0.25,3,6,5,2.18429395,0.122145205,0.002065805,2.9678,0.014018618,0.61701944,14.554,3.296,13.868,1.12,0.7,1.6,0.2,0.2,0.15,3.001738286,0.8
220929,35,20,18,18.1,18.5,0.25,3,6,6,2.35650235,0.1794567,0.005183695,2.711912,0.015634058,0.76324536,14.482,3.187,13.919,1.12,0.7,1.6,0.2,0.2,0.15,2.644189875,0.8
220929,35,20,18,18.3,18.5,0.25,3,6,7,2.30901525,0.240871955,0.00873171,2.468102,0.017037018,0.902224,14.443,3.074,13.963,1.12,0.68,1.55,0.2,0.2,0.15,2.508863619,0.9
220929,35,20,18,18.2,18.6,0.25,3,6,8,1.52183615,0.3094124,0.01311034,2.256248,0.018442682,1.046574,14.451,3.047,13.961,1.12,0.68,1.55,0.2,0.2,0.15,2.349163919,0.9
220929,35,20,,,,0.25,3,6,,,,,,,,,,,,,,0.2,0.2,0.15,,
220929,35,20,,,,0.25,3,6,,,,,,,,,,,,,,0.2,0.2,0.15,,
220929,35,20,,,,0.25,3,6,,,,,,,,,,,,,,0.2,0.2,0.15,,
221004,36,30,22.5,22.9,23.3,0.25,3,6,0,3.14997815,-0.005072585,-0.005689335,5.51255,0.006458305,0.021010033,14.699,11.361,12.207,0.8,0.8,2.825,0.2,0.2,0.175,0,0.1
221004,36,30,22.1,22.8,22.7,0.25,3,6,2,2.6791531,0.076855625,-0.003798305,3.850542,0.0104238,0.22734694,14.488,3.221,13.412,0.95,0.8,2.73,0.2,0.2,0.175,2.48980597,1.2
221004,36,30,22.6,23.3,23.2,0.25,3,6,3,2.44994295,0.15752332,-0.002210585,3.361352,0.012514122,0.36395064,14.336,3.039,13.593,0.99,0.8,2.62,0.2,0.2,0.175,2.150664035,1.4
221004,36,30,23,23.6,23.5,0.25,3,6,4.166666667,2.28180685,0.29972496,0.001112345,2.86055,0.015149048,0.54849784,14.328,2.662,13.712,1,0.8,2.62,0.2,0.2,0.175,1.778896306,1.6
221004,36,30,23.3,23.6,23.9,0.25,3,6,5,2.0581709,0.39910871,0.00382338,2.461208,0.016713018,0.67199686,14.236,2.571,13.692,0.99,0.8,2.65,0.2,0.2,0.175,1.7040364,1.6
221004,36,30,23.3,24.1,23.9,0.25,3,6,6,2.1282092,0.551211795,0.008545295,2.121608,0.018821592,0.84713446,14.137,2.455,13.835,0.95,0.83,2.65,0.2,0.2,0.175,1.5306939,1.7
221004,36,30,,,,0.25,3,6,,,,,,,,,,,,,,0.2,0.2,0.175,,
221004,36,30,,,,0.25,3,6,,,,,,,,,,,,,,0.2,0.2,0.175,,
221004,36,30,,,,0.25,3,6,,,,,,,,,,,,,,0.2,0.2,0.175,,
221004,36,30,,,,0.25,3,6,,,,,,,,,,,,,,0.2,0.2,0.175,,
230403,37,20,20.8,21,21.5,0.25,0.5,1,0,0.472668205,-0.00582212,-0.00557912,0.9590022,0.003744903,0.011733115,13.522,5.024,10.592,0.82,0.8,0.8,0.18,0.2,0.2,0,0.1
230403,37,20,20.4,20.6,21.1,0.25,0.5,1,1,0.459934025,-0.00553354,-0.00414238,0.9013752,0.003908749,0.026400517,13.501,9.724,12.289,0.85,0.8,0.8,0.18,0.2,0.2,25.645675,0.1
230403,37,20,21.3,21.7,22,0.25,0.5,1,3,0.44407754,0.001628665,-0.00129704,0.7030278,0.005830554,0.1070735,13.425,3.661,13.001,0.9,0.8,0.75,0.18,0.2,0.2,5.33068418,0.3
230403,37,20,21.7,21.9,22.4,0.25,0.5,1,4,0.4121425,0.02587668,4.08E-05,0.5310182,0.008718547,0.21211744,13.309,3.083,13.266,0.9,0.79,0.75,0.18,0.2,0.2,2.287255454,0.5
230403,37,20,21.8,22.1,22.5,0.25,0.5,1,5,0.37476789,0.084509275,0.001142765,0.3243528,0.013728221,0.38178646,13.02,2.659,13.494,0.9,0.78,0.78,0.18,0.2,0.2,1.36926825,0.8
230403,37,20,21.8,22,22.5,0.25,0.5,1,6,0.26944123,0.19819549,0.003058725,0.1459832,0.018118058,0.58442336,12.17,2.443,13.612,0.82,0.8,0.8,0.18,0.2,0.2,0.885120775,0.8
230403,37,20,21.6,21.8,22.3,0.25,0.5,1,7,0.09413092,0.36812504,0.00634667,0.045383648,0.020990552,0.75104294,11.208,2.32,13.741,0.72,0.85,0.85,0.18,0.2,0.2,0.610049852,0.7
230403,37,20,,,,0.25,0.5,1,,,,,,,,,,,,,,0.18,0.2,0.2,,
230403,37,20,,,,0.25,0.5,1,,,,,,,,,,,,,,0.18,0.2,0.2,,
230403,37,20,,,,0.25,0.5,1,,,,,,,,,,,,,,0.18,0.2,0.2,,
230405,38,20,21.2,21.6,21.9,0.25,1,2,0,0.959983205,-0.00592411,-0.00611255,1.89018,0.003639404,0.01243801,13.875,8.701,11.111,0.85,0.82,1.85,0.15,0.18,0.15,0,0.1
230405,38,20,20.3,20.6,20.9,0.25,1,2,1,0.907253205,-0.00526184,-0.005556825,1.7467142,0.00426839,0.028879485,13.829,10.147,12.361,0.9,0.8,1.85,0.15,0.18,0.15,14.22296534,0.2
230405,38,20,19.7,20.2,20.3,0.25,1,2,2,0.8730675,-0.002965225,-0.004893225,1.5880392,0.005059929,0.05542799,13.826,4.993,12.764,0.92,0.79,1.82,0.15,0.18,0.15,9.834289138,0.3
230405,38,20,20,20.3,20.5,0.25,1,2,4,0.797543985,0.03427877,-0.0034654,1.1440472,0.009006925,0.17390144,13.662,3.309,13.219,0.98,0.75,1.78,0.15,0.18,0.15,2.566240578,0.6
230405,38,20,20.3,20.6,20.9,0.25,1,2,5,0.76782469,0.082702645,-0.002655405,0.9063782,0.011232408,0.26359224,13.566,3.021,13.352,0.98,0.75,1.78,0.15,0.18,0.15,1.781617485,0.8
230405,38,20,20.6,20.9,21.1,0.25,1,2,6,0.70981578,0.16711127,-0.001247935,0.6478472,0.013749728,0.38266166,13.413,2.77,13.476,0.95,0.75,1.78,0.15,0.18,0.15,1.294346349,0.9
230405,38,20,20.6,20.9,21.2,0.25,1,2,7,0.62436008,0.28332926,0.00082851,0.436455,0.016227288,0.50804294,13.114,2.587,13.556,0.9,0.79,1.8,0.15,0.18,0.15,0.981053449,0.9
230405,38,20,20.6,20.9,21.2,0.25,1,2,8,,,,,,,12.63,2.433,13.655,0.85,0.8,1.82,0.15,0.18,0.15,57.73721994,0.9
230405,38,20,,,,0.25,1,2,,,,,,,,,,,,,,0.15,0.18,0.15,,
230405,38,20,,,,0.25,1,2,,,,,,,,,,,,,,0.15,0.18,0.15,,
230406,39,20,17.7,18,18.4,0.25,3,6,0,3.0155842,-0.00543871,-0.006086845,5.285048,0.004031791,0.016334973,14.91,10.255,11.904,0.85,0.8,1.8,0.15,0.2,0.2,0,0.1
230406,39,20,18.5,18.8,19.1,0.25,3,6,1,2.6161918,-0.000466155,-0.004897385,4.4838,0.010354227,0.11525184,14.645,11.713,13.152,9.5,0.85,1.8,0.15,0.2,0.2,6.629359934,0.7
230406,39,20,20.4,20.7,21,0.25,3,6,4,2.08511365,0.13702414,-0.000645045,2.9678,0.018442682,0.57221286,14.369,3.19,13.635,1.1,0.68,1.7,0.15,0.2,0.2,1.843062739,1.2
230406,39,20,20.7,21,21.2,0.25,3,6,5,1.9842334,0.237968515,0.00240141,2.641752,0.021316448,0.77497664,14.231,2.972,13.742,1.1,0.68,1.7,0.15,0.2,0.2,1.497267212,1.3
230406,39,20,20.9,21.2,21.4,0.25,3,6,6,1.8904457,0.36363914,0.006652365,2.344622,0.023765258,0.993744,14.117,2.81,13.833,1.1,0.65,1.7,0.15,0.2,0.2,1.328641175,1.3
230406,39,20,,21.3,21.7,0.25,3,6,7,1.855701,0.50727633,0.012078565,1.948968,0.02583945,1.198424,,,,1.08,0.65,1.68,0.15,0.2,0.2,1.186650716,1.4
230406,39,20,21.2,21.5,21.8,0.25,3,6,8,1.87084,0.6317066,0.01738726,1.4776632,0.02748105,1.357774,,,,1.05,0.68,1.7,0.15,0.2,0.2,1.107583153,1.4
230406,39,20,,,,0.25,3,6,,,,,,,,,,,,,,0.15,0.2,0.2,,
230406,39,20,,,,0.25,3,6,,,,,,,,,,,,,,0.15,0.2,0.2,,
230406,39,20,,,,0.25,3,6,,,,,,,,,,,,,,0.15,0.2,0.2,,
230705,40,35,25.2,24.7,25.1,0.5,3,3,0,3.177671875,-0.0062,-0.0062,2.64002,0.004146367,0.018972902,14.533,10.47,11.886,0.82,0.8,1.8,0.18,0.2,0.2,0,0
230705,40,35,31,31.1,30.8,0.5,3,3,1,2.83233125,0.042869955,-0.00512749,2.60918,0.010584378,0.21328246,14.231,3.334,13.005,0.92,0.78,1.8,0.18,0.2,0.2,1.094855864,1.9
230705,40,35,33.7,34.1,33.6,0.5,3,3,3,2.4388175,0.39271215,0.00416275,1.91702,0.0157958,0.924816,13.783,2.348,13.437,0.92,0.78,1.75,0.18,0.2,0.2,0.918080263,3
230705,40,35,34.4,34.6,34.2,0.5,3,3,4,2.284614065,0.67101258,0.01284281,1.4837102,0.019417418,1.34475,13.604,2.143,13.516,0.85,0.85,1.75,0.18,0.2,0.2,0.783632257,3.4
230705,40,35,34.7,34.8,34.5,0.5,3,3,5,2.022153435,1.042838125,0.025504155,1.0589958,0.021968672,1.749136,13.312,2.051,13.591,0.7,0.9,1.8,0.18,0.2,0.2,0.663454959,3.7
230705,40,35,34.8,34.7,34.5,0.5,3,3,6,1.663962345,1.44545031,0.040709315,0.756875,0.02311145,2.062456,12.918,1.938,13.632,0.5,1.02,1.9,0.18,0.2,0.2,0.571613314,3.6
230705,40,35,34.7,34.6,34.4,0.5,3,3,7,0.927930315,1.840840625,0.056433485,0.4700718,0.023601752,2.29115,12.403,1.903,13.667,0.25,1.18,2,0.18,0.2,0.2,,3.6
230705,40,35,,,,0.5,3,3,,,,,,,,,,,,,,0.18,0.2,0.2,,
230705,40,35,,,,0.5,3,3,,,,,,,,,,,,,,0.18,0.2,0.2,,
230705,40,35,,,,0.5,3,3,,,,,,,,,,,,,,0.18,0.2,0.2,,
230710,41,35,27.4,27,27.2,0.25,3,3,0,3.362294065,-0.00603599,-0.0062,2.6555,0.006559436,0.020589282,14.406,11.253,11.964,0.82,0.8,1.85,0.18,0.2,0.15,0,0.2
230710,41,35,34.9,34.6,34.7,0.25,3,3,2,2.653433125,0.27054795,-0.000524815,2.22282,0.016875,0.66587446,13.845,2.807,13.281,0.92,0.78,1.75,0.18,0.2,0.15,2.329187836,3.1
230710,41,35,35.4,35.2,35.2,0.25,3,3,3,2.454989845,0.56113508,0.007936995,1.7544878,0.018659178,1.136784,13.708,2.438,13.437,0.85,0.8,1.75,0.18,0.2,0.15,2.725264004,3.4
230710,41,35,35.6,35.3,35.3,0.25,3,3,4,2.23330625,0.918482185,0.020204805,1.299755,0.020556248,1.572686,13.502,2.176,13.585,0.72,0.88,1.8,0.18,0.2,0.15,2.623303358,3.6
230710,41,35,35.2,35,35.1,0.25,3,3,5,1.912249845,1.325385155,0.03488984,0.9244718,0.022349402,1.948126,13.181,2.08,13.711,0.55,0.98,1.85,0.18,0.2,0.15,2.452406622,3.6
230710,41,35,34.8,34.2,34.5,0.25,3,3,6,1.36400594,1.71375172,0.05354381,0.6345062,0.023329322,2.219096,12.767,2.025,13.734,0.32,1.1,1.98,0.18,0.2,0.15,,3.5
230710,41,35,,,,0.25,3,3,,,,,,,,,,,,,,0.18,0.2,0.15,,
230710,41,35,,,,0.25,3,3,,,,,,,,,,,,,,0.18,0.2,0.15,,
230710,41,35,,,,0.25,3,3,,,,,,,,,,,,,,0.18,0.2,0.15,,
230710,41,35,,,,0.25,3,3,,,,,,,,,,,,,,0.18,0.2,0.15,,
230711,42,35,26.7,26.2,26.6,1,3,3,0,3.328815,-0.0046714,-0.00524526,2.67102,0.006256087,0.020071714,14.494,11.213,11.93,0.82,0.8,1.85,0.18,0.2,0.15,0,0.4
230711,42,35,34.4,34,34,1,3,3,1,2.871547185,0.088132285,-0.002201715,2.5785,0.013083312,0.27698166,14.104,3.224,13.002,0.9,0.78,1.78,0.18,0.2,0.15,0.39146649,2.7
230711,42,35,36.3,36,36,1,3,3,3,2.417291875,0.662669455,0.01320422,1.6255512,0.01985105,1.261264,13.666,2.392,13.507,0.8,0.82,1.78,0.18,0.2,0.15,0.450477537,4
230711,42,35,36.9,36.6,36.6,1,3,3,4,2.186409685,1.06077078,0.02668625,1.14842,0.021533792,1.713246,13.35,2.193,13.618,0.65,0.92,1.85,0.18,0.2,0.15,0.477242581,4.1
230711,42,35,35.8,35.4,35.5,1,3,3,5,1.750079375,1.48498078,0.04331799,0.794795,0.022893642,2.077904,12.978,2.067,13.719,0.42,1.05,1.92,0.18,0.2,0.15,0.498921396,3.9
230711,42,35,35.3,34.7,34.9,1,3,3,6,0.845786875,1.87524,0.060602545,0.381995,0.023710752,2.323486,12.32,1.997,13.772,0.15,1.2,2.02,0.18,0.2,0.15,,3.7
230711,42,35,,,,1,3,3,,,,,,,,,,,,,,0.18,0.2,0.15,,
230711,42,35,,,,1,3,3,,,,,,,,,,,,,,0.18,0.2,0.15,,
230711,42,35,,,,1,3,3,,,,,,,,,,,,,,0.18,0.2,0.15,,
230711,42,35,,,,1,3,3,,,,,,,,,,,,,,0.18,0.2,0.15,,
230719,43,35,26.9,26.2,26.6,0.5,3,3,0,3.247750625,-0.005919605,-0.0062,2.67102,0.005713578,0.01968374,14.487,11.095,11.906,0.82,0.8,1.85,0.18,0.2,0.15,0,0
230719,43,35,35.4,35.2,35.2,0.5,3,3,2,2.666598125,0.27258824,-7.29E-05,2.17998,0.017253098,0.686864,13.842,2.781,13.309,0.9,0.78,1.75,0.18,0.2,0.15,9.960608151,3.4
230719,43,35,31.8,31.5,31.4,0.5,3,3,2.933333333,2.470914065,0.577138515,0.010599145,1.6608872,0.0272072,1.179806,13.752,2.794,13.523,0.85,0.8,1.78,0.18,0.2,0.15,7.339164174,4.2
230719,43,35,34.3,33.9,34,0.5,3,3,3.933333333,2.19324203,1.06302125,0.02307463,1.1092952,0.041412618,1.734744,13.374,2.726,13.62,0.6,0.95,1.85,0.18,0.2,0.15,4.875268467,4.4
230719,43,35,35.9,35.4,35.4,0.5,3,3,4.933333333,1.57051797,1.593019375,0.03952944,0.6496328,0.034028192,2.124536,12.631,2.418,13.653,0.4,1.08,1.95,0.18,0.2,0.15,3.764499228,4.4
230719,43,35,35,34.3,34.7,0.5,3,3,5.933333333,0.258292265,2.081178435,0.055639375,0.096275808,0.030335018,2.37235,11.064,2.242,13.739,0.1,1.2,2.05,0.18,0.2,0.15,3.102596047,3.5
230719,43,35,29.8,29,29.6,0.5,3,3,6.933333333,0.0483009,2.173408435,0.07061623,0.012965142,0.031490648,2.364176,3.447,2.255,13.991,0.05,1.2,2.1,0.18,0.2,0.15,3.098637008,1
230719,43,35,,,,0.5,3,3,,,,,,,,,,,,,,0.18,0.2,0.15,,
230719,43,35,,,,0.5,3,3,,,,,,,,,,,,,,0.18,0.2,0.15,,
230719,43,35,,,,0.5,3,3,,,,,,,,,,,,,,0.18,0.2,0.15,,
